homeTeam,awayTeam,homeOdds,drawOdds,awayOdds,Timestamp,Time,Date
Pleasanton Rage Women,Stockton Cargo SC Women,4.7,4.5,1.5,2026-06-19 07:26:30,5:00 am,Fri 19/06
Ballard FC,Bigfoot FC,1.05,12.54,20.26,2026-06-19 07:26:30,5:00 am,Fri 19/06
Auckland FC Reserves,Western Springs AFC,2.55,3.8,2.24,2026-06-19 07:26:30,10:00 am,Fri 19/06
Dalian Kewei,Liaoning Tieren FC,3.11,3.25,2.27,2026-06-19 07:26:30,10:30 am,Fri 19/06
Shanghai Second,Shanghai Port FC,12.63,6.8,1.19,2026-06-19 07:26:30,10:30 am,Fri 19/06
Beijing WFC Women,Changchun Jiuyin Loans Women,1.33,4.5,8.0,2026-06-19 07:26:30,11:00 am,Fri 19/06
Brunswick Juventus FC U23,FC Bulleen Lions U23,10.49,7.82,1.15,2026-06-19 07:26:30,11:15 am,Fri 19/06
Holland Park Hawks U23,St George Willawong U23,1.35,5.34,6.1,2026-06-19 07:26:30,11:30 am,Fri 19/06
West Adelaide Reserve Women,Salisbury Inter Reserve Women,1.09,9.19,15.32,2026-06-19 07:26:30,11:30 am,Fri 19/06
Adelaide University Women,Metrostars Women,1.6,4.54,4.25,2026-06-19 07:26:30,11:45 am,Fri 19/06
Langwarrin SC,Port Melbourne Sharks,1.36,5.39,6.35,2026-06-19 07:26:30,12:30 pm,Fri 19/06
Bentleigh Greens,South Melbourne FC,4.09,3.79,1.78,2026-06-19 07:26:30,12:30 pm,Fri 19/06
Gold Coast Knights,Magic United Tfa,1.2,7.71,11.86,2026-06-19 07:26:30,12:30 pm,Fri 19/06
Adamstown Rosebud JFC Women,Broadmeadow Magic FC Women,2.26,4.72,2.35,2026-06-19 07:26:30,1:00 pm,Fri 19/06
Dalian Yingbo B,Nantong Haimen Codion,3.3,3.0,2.2,2026-06-19 07:26:30,1:00 pm,Fri 19/06
Oakleigh Cannons,Melbourne City FC 2,1.43,4.87,6.04,2026-06-19 07:26:30,1:15 pm,Fri 19/06
Brunswick Juventus FC,FC Bulleen Lions,1.97,3.8,3.22,2026-06-19 07:26:30,1:30 pm,Fri 19/06
The Gap FC Women,Mitchelton FC Women,2.6,4.14,2.2,2026-06-19 07:26:30,1:30 pm,Fri 19/06
Spring Hills FC Women,Bentleigh Greens SC Women,1.66,4.27,4.27,2026-06-19 07:26:30,1:30 pm,Fri 19/06
Eltham Redbacks FC,Western United FC Youth,1.62,4.63,4.05,2026-06-19 07:26:30,1:30 pm,Fri 19/06
Adelaide University FC Reserve Women,Metrostars Reserve Women,4.57,4.48,1.54,2026-06-19 07:26:30,1:45 pm,Fri 19/06
Azzurri United FC,Mindil Aces,1.66,4.65,3.81,2026-06-19 07:26:30,2:00 pm,Fri 19/06
Shaanxi Union FC,Zhejiang FC,5.04,3.59,1.69,2026-06-19 07:26:30,2:00 pm,Fri 19/06
Shenzhen Juniors FC,Shenzhen Peng City,4.27,3.54,1.81,2026-06-19 07:26:30,2:00 pm,Fri 19/06
Hangzhou Linping Wuyue,Dalian Yingbo FC,8.17,4.38,1.39,2026-06-19 07:26:30,2:30 pm,Fri 19/06
Jiangxi Lushan,Henan,6.41,4.08,1.5,2026-06-19 07:26:30,2:30 pm,Fri 19/06
Guizhou Guiyang Athletic,Xiamen Feilu,1.65,3.5,5.0,2026-06-19 07:26:30,2:30 pm,Fri 19/06
Ganzhou Ruishi FC,Guangdong Mingtu,2.35,3.0,3.0,2026-06-19 07:26:30,2:30 pm,Fri 19/06
Lanzhou Longyuan Athletic,Tianjin Jinmen Tiger,3.36,3.22,2.16,2026-06-19 07:26:30,2:30 pm,Fri 19/06
Guandong GZ-Power FC,Beijing Guoan,5.8,4.26,1.51,2026-06-19 07:26:30,2:30 pm,Fri 19/06
Shanghai Shengli Women,Liaoning Shenbei Hefeng Women,2.04,3.2,3.4,2026-06-19 07:26:30,2:35 pm,Fri 19/06
FK Babrungas Plunge,Be1 Nfa,2.02,3.45,3.15,2026-06-19 07:26:30,6:00 pm,Fri 19/06
Parnu JK Vaprus II U21,JK Tallinna Kalev U21,1.42,5.35,4.97,2026-06-19 07:26:30,7:00 pm,Fri 19/06
Deportes Temuco Women,Union Espanola Women,7.0,5.06,1.37,2026-06-19 07:26:30,7:00 pm,Fri 19/06
Hinna,Brodd,2.4,4.1,2.29,2026-06-19 07:26:30,7:00 pm,Fri 19/06
Al-Fahaheel,Kazma SC,4.14,3.61,1.78,2026-06-19 07:26:30,7:05 pm,Fri 19/06
Rapid Wien II,SV Oberwart,1.6,4.34,4.24,2026-06-19 07:26:30,7:30 pm,Fri 19/06
Viljandi JK Tulevik,FCI Levadia Tallinn U19,1.55,4.95,4.1,2026-06-19 07:26:30,7:30 pm,Fri 19/06
FK Garliava,FK Transinvest B,1.28,5.18,7.77,2026-06-19 07:26:30,7:30 pm,Fri 19/06
Ranheim,Lyn 1896 FK,1.66,4.44,4.53,2026-06-19 07:26:30,8:00 pm,Fri 19/06
IF Fuglafjordur,NSI Runavik II,2.28,4.14,2.5,2026-06-19 07:26:30,8:00 pm,Fri 19/06
Vikingur Gota,KI Klaksvik,4.36,3.78,1.74,2026-06-19 07:26:30,8:30 pm,Fri 19/06
Al-Salmiya SC,Kuwait SC,5.98,4.34,1.47,2026-06-19 07:26:30,8:45 pm,Fri 19/06
CA Platense,Independiente Rivadavia de Mendoza Reserve,2.38,3.13,3.03,2026-06-19 07:26:30,9:00 pm,Fri 19/06
CD Godoy Cruz,CA Aldosivi Reserve,2.09,3.38,3.38,2026-06-19 07:26:30,9:00 pm,Fri 19/06
CA San Lorenzo de Almagro Women,Belgrano de Cordoba Women,1.73,3.29,5.03,2026-06-19 07:26:30,9:00 pm,Fri 19/06
Gimnasia Y Esgrima La Plata Women,Social Atletico Television Women,2.27,3.03,3.22,2026-06-19 07:26:30,9:00 pm,Fri 19/06
Estudiantes de LP Reserve,CA Central Cordoba SE Reserve,1.46,4.19,6.89,2026-06-19 07:26:30,9:00 pm,Fri 19/06
CA Tigre Reserve,San Lorenzo de Almagro Res.,3.67,3.27,2.03,2026-06-19 07:26:30,9:00 pm,Fri 19/06
Colon de Santa Fe Reserve,Estudiantes de Rio Cuarto Reserve,1.78,3.46,4.55,2026-06-19 07:26:30,9:00 pm,Fri 19/06
CA Barracas Central Reserve,CA Sarmiento de Junin,2.72,3.36,2.47,2026-06-19 07:26:30,9:00 pm,Fri 19/06
Asociacion Deportiva Tarma,CSDC Alianza Universidad,1.5,4.1,5.4,2026-06-19 07:26:30,9:00 pm,Fri 19/06
Waterford FC,Shamrock Rovers,5.15,4.16,1.62,2026-06-19 07:26:30,9:45 pm,Fri 19/06
Athlone Town AFC,Wexford FC,2.45,3.27,2.74,2026-06-19 07:26:30,9:45 pm,Fri 19/06
University College Dublin,Kerry FC,1.7,3.65,4.61,2026-06-19 07:26:30,9:45 pm,Fri 19/06
Bray Wanderers AFC,Longford Town FC,1.67,3.8,4.62,2026-06-19 07:26:30,9:45 pm,Fri 19/06
Galway United FC,Derry City FC,3.12,3.27,2.36,2026-06-19 07:26:30,9:45 pm,Fri 19/06
Cork City FC,Treaty United,1.25,5.77,9.42,2026-06-19 07:26:30,9:45 pm,Fri 19/06
Drogheda United FC,Shelbourne FC,3.91,3.46,1.98,2026-06-19 07:26:30,9:45 pm,Fri 19/06
Saint Patrick´s Athletic FC,Sligo Rovers FC,1.27,5.77,10.94,2026-06-19 07:26:30,9:45 pm,Fri 19/06
Cobh Ramblers,Finn Harps FC,1.54,4.05,5.4,2026-06-19 07:26:30,9:45 pm,Fri 19/06
Al Arabi,Qadsia SC,2.2,3.28,3.13,2026-06-19 07:26:30,9:45 pm,Fri 19/06
KH Hlidarendi,UMF Tindastoll,2.54,4.18,2.19,2026-06-19 07:26:30,10:00 pm,Fri 19/06
Crusaders Strikers FC Women,Glentoran Belfast Women,42.81,13.32,1.01,2026-06-19 07:26:30,10:00 pm,Fri 19/06
Ulfanir,Vaengir Jupiters,2.4,4.39,2.25,2026-06-19 07:26:30,10:00 pm,Fri 19/06
USA,Australia,1.62,4.35,5.76,2026-06-19 07:26:30,10:00 pm,Fri 19/06
Bohemians Dublin FC,Dundalk FC,1.94,3.76,3.71,2026-06-19 07:26:30,10:00 pm,Fri 19/06
CE Sabadell FC,Zamora CF,1.66,3.63,5.23,2026-06-19 07:26:30,10:00 pm,Fri 19/06
KA Asvellir,Arbaer,1.72,4.4,3.5,2026-06-19 07:26:30,10:15 pm,Fri 19/06
UMF Vidir,Reynir Sandgerdi,1.9,4.1,3.1,2026-06-19 07:26:30,10:15 pm,Fri 19/06
Throttur Vogum,Kari,2.67,4.06,2.23,2026-06-19 07:26:30,10:15 pm,Fri 19/06
UMF Njardvik,Leiknir Reykjavik,1.48,4.86,5.95,2026-06-19 07:26:30,10:15 pm,Fri 19/06
Alianza Atletico,CD Universidad Cesar Vallejo,1.54,3.9,5.2,2026-06-19 07:26:30,11:30 pm,Fri 19/06
Miramar Misiones,Huracan FC,2.45,3.41,2.64,2026-06-19 07:26:30,12:00 am,Sat 20/06
CA Ituzaingo,CSD Liniers,3.41,2.92,2.41,2026-06-19 07:26:30,1:00 am,Sat 20/06
Scotland,Morocco,5.42,3.73,1.76,2026-06-19 07:26:30,1:00 am,Sat 20/06
Westchester SC,Portland Hearts of Pine,2.26,3.6,2.78,2026-06-19 07:26:30,2:00 am,Sat 20/06
Audax Italiano,CD Santa Cruz,1.69,3.96,4.85,2026-06-19 07:26:30,2:00 am,Sat 20/06
Tobacco Road FC,Asheville City SC,4.04,4.14,1.69,2026-06-19 07:26:30,2:00 am,Sat 20/06
Western Mass Pioneers,Boston Bolts,1.53,4.61,4.8,2026-06-19 07:26:30,2:30 am,Sat 20/06
AC Houston Sur,Houston FC,3.17,3.85,1.98,2026-06-19 07:26:30,3:00 am,Sat 20/06
San Marcos de Arica,Deportes Limache,2.76,3.45,2.51,2026-06-19 07:26:30,3:00 am,Sat 20/06
Rally Madison FC Women,Rockford Raptors Women,2.03,3.5,3.1,2026-06-19 07:26:30,3:00 am,Sat 20/06
Brazil,Haiti,1.11,12.14,28.29,2026-06-19 07:26:30,3:30 am,Sat 20/06
Northern AFC,Ferrymead Bays,3.75,3.8,1.76,2026-06-19 07:26:30,3:45 am,Sat 20/06
Island Bay United,Napier City Rovers AFC,11.0,6.8,1.16,2026-06-19 07:26:30,4:00 am,Sat 20/06
Avondale FC Women,Keilor Park SC Women,1.55,4.28,5.26,2026-06-19 07:26:30,5:00 am,Sat 20/06
Robina City U23,Logan Lightning U23,2.27,3.92,2.53,2026-06-19 07:26:30,5:15 am,Sat 20/06
Nelson Suburbs FC,Wanaka AFC,1.16,7.0,11.0,2026-06-19 07:26:30,5:45 am,Sat 20/06
Upper Hutt City FC,Miramar Rangers,6.8,5.2,1.32,2026-06-19 07:26:30,6:00 am,Sat 20/06
Wellington Phoenix FC Reserve,Waterside Karori,1.46,4.7,5.0,2026-06-19 07:26:30,6:00 am,Sat 20/06
Auckland United FC,Eastern Suburbs AFC,2.8,3.35,2.25,2026-06-19 07:26:30,6:00 am,Sat 20/06
Capalaba FC U23,Sunshine Coast Wanderers U23,5.75,4.98,1.4,2026-06-19 07:26:30,6:00 am,Sat 20/06
Manningham United Blues FC U23,North Geelong Warriors FC U23,1.38,5.56,5.37,2026-06-19 07:26:30,6:00 am,Sat 20/06
Turkiye,Paraguay,2.08,3.48,3.98,2026-06-19 07:26:30,6:00 am,Sat 20/06
Melville United AFC,Fencibles United FC,4.9,4.4,1.49,2026-06-19 07:26:30,6:00 am,Sat 20/06
Tauranga City AFC,Bay Olympic,1.66,3.85,4.2,2026-06-19 07:26:30,6:00 am,Sat 20/06
Wellington Olympic,Western Suburbs FC,1.69,3.9,3.95,2026-06-19 07:26:30,6:45 am,Sat 20/06
Hume City,Green Gully SC,1.45,4.67,6.03,2026-06-19 07:26:30,7:00 am,Sat 20/06
Cooks Hill United,Weston Bears FC,3.8,4.23,1.72,2026-06-19 07:26:30,7:00 am,Sat 20/06
Lambton Jaffas FC,Adamstown Rosebud FC,1.44,4.81,5.58,2026-06-19 07:26:30,7:00 am,Sat 20/06
Charlestown Azzurri FC Women,New Lambton FC Women,10.56,8.06,1.16,2026-06-19 07:26:30,7:00 am,Sat 20/06
South East United FC,Glenorchy Knights FC,6.92,5.19,1.35,2026-06-19 07:26:30,7:30 am,Sat 20/06
Hobart City FC,Taroona,5.35,5.35,1.4,2026-06-19 07:26:30,7:30 am,Sat 20/06
Launceston City Women,Launceston United Women,4.78,4.97,1.47,2026-06-19 07:26:30,7:30 am,Sat 20/06
Devonport City SC,Clarence Zebras FC,1.21,7.13,8.67,2026-06-19 07:26:30,7:30 am,Sat 20/06
Launceston United SC,Ulverstone SC,2.37,4.33,2.34,2026-06-19 07:26:30,7:30 am,Sat 20/06
Riverside Olympic FC,Launceston City FC,4.35,4.35,1.61,2026-06-19 07:26:30,7:30 am,Sat 20/06
Canberra Olympic,Monaro Panthers FC,4.61,5.0,1.51,2026-06-19 07:26:30,7:30 am,Sat 20/06
Brindabella Blues FC,O'Connor Knights FC,3.96,4.35,1.67,2026-06-19 07:26:30,8:00 am,Sat 20/06
North Sunshine Eagles FC,Northcote City,3.79,3.94,1.78,2026-06-19 07:26:30,8:00 am,Sat 20/06
Belmont Swansea United FC,Broadmeadow Magic FC,3.48,4.16,1.81,2026-06-19 07:26:30,8:00 am,Sat 20/06
Western Sydney Youth,Sutherland Sharks,2.13,3.56,3.03,2026-06-19 07:26:30,8:00 am,Sat 20/06
Heidelberg United FC,Preston Lions FC,2.0,3.55,3.45,2026-06-19 07:26:30,8:00 am,Sat 20/06
Christchurch United FC,Selwyn United FC,1.18,6.8,9.4,2026-06-19 07:26:30,8:00 am,Sat 20/06
Gold Coast United FC,Brisbane Roar FC YOUTH,1.94,4.15,3.41,2026-06-19 07:26:30,8:00 am,Sat 20/06
Tuggeranong Utd,Canberra White Eagles FC,1.42,5.03,5.61,2026-06-19 07:26:30,8:00 am,Sat 20/06
Avondale FC,Dandenong Thunder,1.31,5.66,7.8,2026-06-19 07:26:30,8:00 am,Sat 20/06
FK Beograd Reserve,West Torrens Birkalla Reserve,2.82,4.4,1.97,2026-06-19 07:26:30,8:15 am,Sat 20/06
Essendon Royals SC Women,Alamein FC Women,1.37,5.06,7.0,2026-06-19 07:26:30,8:15 am,Sat 20/06
Manningham United Blues,North Geelong Warriors FC,1.97,4.05,3.08,2026-06-19 07:26:30,8:15 am,Sat 20/06
Adelaide Atletico VSC,Adelaide Croatia Raiders SC,2.12,4.23,2.69,2026-06-19 07:26:30,8:30 am,Sat 20/06
Melbourne Victory FC Youth Women,South Melbourne FC Women,4.77,4.28,1.6,2026-06-19 07:26:30,8:30 am,Sat 20/06
Adelaide United FC YOUTH,Adelaide Comets FC,1.85,3.93,3.5,2026-06-19 07:26:30,8:30 am,Sat 20/06
Modbury Jets SC,Adelaide Blue Eagles,2.09,3.81,2.94,2026-06-19 07:26:30,8:30 am,Sat 20/06
Playford City,Campbelltown City SC,2.22,3.86,2.7,2026-06-19 07:26:30,8:30 am,Sat 20/06
West Adelaide SC,Croydon FC,2.79,3.57,2.26,2026-06-19 07:26:30,8:30 am,Sat 20/06
Sturt Lions,Para Hills Knights SC,1.2,6.54,10.57,2026-06-19 07:26:30,8:30 am,Sat 20/06
Adelaide Cobras,Eastern United,1.65,4.14,4.33,2026-06-19 07:26:30,8:30 am,Sat 20/06
Fulham United FC,Salisbury United,1.1,8.65,19.23,2026-06-19 07:26:30,8:30 am,Sat 20/06
Eastern Suburbs FC Women,Brisbane City FC Women,2.32,3.61,2.69,2026-06-19 07:26:30,8:45 am,Sat 20/06
Moreton City Excelsior U23,Wynnum Wolves FC U23,1.42,5.2,5.39,2026-06-19 07:26:30,8:45 am,Sat 20/06
Caroline Springs George Cross FC U23,Dandenong City SC U23,1.59,4.63,4.24,2026-06-19 07:26:30,8:45 am,Sat 20/06
Birkenhead United AFC,Auckland City FC,1.84,3.6,3.6,2026-06-19 07:26:30,9:00 am,Sat 20/06
North Star U23,Broadbeach United U23,1.69,4.38,3.72,2026-06-19 07:26:30,9:15 am,Sat 20/06
Hume City FC U23,Green Gully SC U23,3.14,4.34,1.88,2026-06-19 07:26:30,9:15 am,Sat 20/06
Valentine FC,Edgeworth FC,5.76,4.71,1.44,2026-06-19 07:26:30,9:30 am,Sat 20/06
Rydalmere Lions FC U20,Canterbury Bankstown Berries U20,3.05,4.0,1.95,2026-06-19 07:26:30,9:30 am,Sat 20/06
Manukau United FC,East Coast Bays,9.2,5.4,1.24,2026-06-19 07:26:30,9:30 am,Sat 20/06
Belconnen United,Queanbeyan City FC,5.42,4.55,1.48,2026-06-19 07:26:30,9:30 am,Sat 20/06
Manly United FC,St George Saints FC,2.24,3.47,2.89,2026-06-19 07:26:30,10:00 am,Sat 20/06
Sydney Olympic FC,Rockdale Ilinden FC,4.83,4.06,1.6,2026-06-19 07:26:30,10:00 am,Sat 20/06
Sorrento FC,Armadale SC,3.08,3.65,2.08,2026-06-19 07:26:30,10:00 am,Sat 20/06
St George City FA U20,NWS Spirit FC U20,2.53,3.91,2.28,2026-06-19 07:26:30,10:00 am,Sat 20/06
Olympic Kingsway SC,Stirling Macedonia FC,1.77,3.95,3.81,2026-06-19 07:26:30,10:00 am,Sat 20/06
Balcatta FC Women,Perth Azzurri Women,2.85,3.33,2.33,2026-06-19 07:26:30,10:00 am,Sat 20/06
Olympic FC Brisbane Women,Queenland Lions FC Women,3.51,3.47,1.97,2026-06-19 07:26:30,10:00 am,Sat 20/06
Logan Lightning Women,Moreton City Excelsior Women,1.88,4.05,3.32,2026-06-19 07:26:30,10:00 am,Sat 20/06
Fremantle City,Dianella White Eagles SC,2.56,3.86,2.33,2026-06-19 07:26:30,10:00 am,Sat 20/06
Western Knights SC,Bayswater City,3.76,3.86,1.8,2026-06-19 07:26:30,10:00 am,Sat 20/06
Perth Glory FC YOUTH,Perth Redstar FC,3.75,3.85,1.81,2026-06-19 07:26:30,10:00 am,Sat 20/06
Qingdao Red Lions,Wuhan Three Towns FC,4.27,3.64,1.78,2026-06-19 07:26:30,10:30 am,Sat 20/06
Modbury Vista Reserves Women,Adelaide Comets FC Reserves Women,23.87,11.46,1.04,2026-06-19 07:26:30,10:30 am,Sat 20/06
North Sunshine Eagles FC U23,Northcote City FC U23,28.72,14.36,1.01,2026-06-19 07:26:30,10:30 am,Sat 20/06
FK Beograd,West Torrens Birkalla,2.38,3.75,2.55,2026-06-19 07:26:30,10:30 am,Sat 20/06
FC Bulleen Lions Women,Melbourne City Youth Women,1.03,16.53,25.29,2026-06-19 07:26:30,10:45 am,Sat 20/06
Caroline Springs George Cross FC,Dandenong City SC,2.64,3.56,2.44,2026-06-19 07:26:30,11:00 am,Sat 20/06
North Lakes United Women,Virginia United Women,1.04,12.58,29.02,2026-06-19 07:26:30,11:00 am,Sat 20/06
Tigers FC,Canberra Croatia FC,2.1,3.86,2.89,2026-06-19 07:26:30,11:00 am,Sat 20/06
Moreton City Excelsior FC,Wynnum Wolves FC,1.8,4.36,3.76,2026-06-19 07:26:30,11:00 am,Sat 20/06
Eastern Suburbs FC,Brisbane City FC,1.96,4.26,3.27,2026-06-19 07:26:30,11:00 am,Sat 20/06
Palm Beach SC Women,Caboolture FC Women,7.9,5.98,1.27,2026-06-19 07:26:30,11:00 am,Sat 20/06
Northern Tigers Women,Manly United FC Women,2.41,3.57,2.6,2026-06-19 07:26:30,11:30 am,Sat 20/06
Hakoah Sydney City East FC U20,Northern Tigers FC U20,2.06,3.76,2.95,2026-06-19 07:26:30,11:30 am,Sat 20/06
Zvezda-2005 Perm Women,Spartak Moscow Women,6.78,4.45,1.43,2026-06-19 07:26:30,11:30 am,Sat 20/06
Manly United FC U20,St George FC U20,1.3,5.55,7.08,2026-06-19 07:26:30,12:00 pm,Sat 20/06
Dulwich Hill U20,Blacktown Spartans FC U20,2.06,3.76,2.95,2026-06-19 07:26:30,12:00 pm,Sat 20/06
Balcatta,Perth Azzurri,4.82,4.63,1.52,2026-06-19 07:26:30,12:00 pm,Sat 20/06
Jiangsu LFC Women,Guangxi Pingguo Women,1.46,4.0,6.0,2026-06-19 07:26:30,12:00 pm,Sat 20/06
Inter Lions FC U20,Western City Rangers FC U20,5.53,4.77,1.43,2026-06-19 07:26:30,12:00 pm,Sat 20/06
Hills United FC U20,Prospect United U20,2.77,3.77,2.16,2026-06-19 07:26:30,12:00 pm,Sat 20/06
FC Vlasim,Dukla Prague,3.36,3.95,1.93,2026-06-19 07:26:30,12:00 pm,Sat 20/06
Capalaba FC Women,Gold Coast Knights Women,28.74,14.37,1.02,2026-06-19 07:26:30,12:00 pm,Sat 20/06
St George City FA,NWS Spirit,3.08,3.32,2.2,2026-06-19 07:26:30,12:15 pm,Sat 20/06
Modbury Vista Women,Adelaide Comets FC Women,4.84,4.84,1.5,2026-06-19 07:26:30,12:30 pm,Sat 20/06
Adelaide City FC,North Eastern Metrostars SC,2.93,3.56,2.18,2026-06-19 07:26:30,12:30 pm,Sat 20/06
Eastern Suburbs U23,Brisbane City U23,2.11,4.04,2.79,2026-06-19 07:26:30,1:00 pm,Sat 20/06
Garuda FC,Hellenic Athletic Club,4.05,4.55,1.63,2026-06-19 07:26:30,1:30 pm,Sat 20/06
Taian Tiankuang,Shandong Taishan B,2.05,3.0,3.75,2026-06-19 07:26:30,2:00 pm,Sat 20/06
Ningbo Professional FC,Chongqing Tonglianglong FC,7.97,4.66,1.37,2026-06-19 07:26:30,2:00 pm,Sat 20/06
FC Altai Oskemen,Zhetysu Taldykorgan,2.29,3.29,3.24,2026-06-19 07:26:30,2:00 pm,Sat 20/06
Shandong Ticai Women,Guangdong Meizhou Hakka FC Women,2.39,3.15,2.75,2026-06-19 07:26:30,2:00 pm,Sat 20/06
FK Rubin Kazan Women,CSKA Moscow Women,9.34,5.25,1.29,2026-06-19 07:26:30,2:00 pm,Sat 20/06
Wuxi Wugou,Qingdao Hainiu FC,3.21,3.41,2.15,2026-06-19 07:26:30,2:00 pm,Sat 20/06
Shijiazhuang Gongfu FC,Shanghai Shenhua FC,13.64,6.43,1.19,2026-06-19 07:26:30,2:30 pm,Sat 20/06
Harju JK Laagri,FC Nomme United,2.3,3.82,2.83,2026-06-19 07:26:30,2:30 pm,Sat 20/06
Guangxi Hengchen FC,Shandong Taishan FC,4.38,3.65,1.76,2026-06-19 07:26:30,2:30 pm,Sat 20/06
Wuhan Three Towns B,Shenzhen 2028 FC,3.9,3.15,1.95,2026-06-19 07:26:30,2:30 pm,Sat 20/06
Shanghai Zetian,Chengdu Rongcheng,16.6,7.42,1.14,2026-06-19 07:26:30,2:30 pm,Sat 20/06
Sichuan WFC Women,Zhejiang Hangzhou Women,2.65,2.95,2.6,2026-06-19 07:26:30,2:35 pm,Sat 20/06
Chengdu Rongcheng B,Wenzhou Professional FC,1.85,3.2,4.2,2026-06-19 07:26:30,3:00 pm,Sat 20/06
Pors Grenland,FK Eik Toensberg 871,1.76,3.85,3.95,2026-06-19 07:26:30,3:00 pm,Sat 20/06
BFC Daugavpils,Grobinas SC/LFS,1.83,3.66,4.35,2026-06-19 07:26:30,4:00 pm,Sat 20/06
Atletico Lanus Women,San Luis FC Women,4.64,3.28,1.79,2026-06-19 07:26:30,4:00 pm,Sat 20/06
Al Hikma,Jwaaya FC,4.66,3.35,1.8,2026-06-19 07:26:30,4:00 pm,Sat 20/06
FC Zhenis,FC Irtysh Pavlodar,2.08,3.47,3.56,2026-06-19 07:26:30,4:00 pm,Sat 20/06
Colon FC,CA River Plate (URU),2.69,3.03,2.64,2026-06-19 07:26:30,4:00 pm,Sat 20/06
Reyady Abaseya,Safa SC,4.18,3.11,1.96,2026-06-19 07:26:30,4:00 pm,Sat 20/06
B36 Torshavn II,B71 Sandoy,7.15,5.41,1.32,2026-06-19 07:26:30,4:00 pm,Sat 20/06
Costa Do Sol,UD Do Songo,2.8,2.85,2.55,2026-06-19 07:26:30,4:00 pm,Sat 20/06
FC Zenit Saint Petersburg Women,Ryazan VDV Women,1.07,9.52,34.01,2026-06-19 07:26:30,4:30 pm,Sat 20/06
Boca Juniors Women,Union de Santa Fe Women,1.09,8.48,23.12,2026-06-19 07:26:30,5:00 pm,Sat 20/06
FC Dinamo Moscow Women,ZFK Krasnodar Women,2.57,3.25,2.67,2026-06-19 07:26:30,5:00 pm,Sat 20/06
Londrina EC PR,Athletic Club Sjdr MG,2.6,3.1,2.9,2026-06-19 07:26:30,5:00 pm,Sat 20/06
FCI Levadia Tallinn,Nomme Kalju FC,1.45,4.66,6.94,2026-06-19 07:26:30,5:00 pm,Sat 20/06
IF Magni Grenivik,UMF Selfoss,8.9,6.18,1.26,2026-06-19 07:26:30,5:00 pm,Sat 20/06
KFG Gardabaer,Dalvik Reynir,4.56,4.71,1.57,2026-06-19 07:26:30,6:00 pm,Sat 20/06
Kaisar Kyzylorda,Ulytau FC,2.33,3.22,3.22,2026-06-19 07:26:30,6:00 pm,Sat 20/06
KA/Dalv/KF/Hott/Ham U19,Breidablik/Augn/Smari U19,3.65,5.18,1.66,2026-06-19 07:26:30,6:00 pm,Sat 20/06
FC Ordabasy,FC Kaspiy Aktau,1.24,5.96,12.92,2026-06-19 07:26:30,6:00 pm,Sat 20/06
Riga Mariners,JDFS Alberts,2.0,3.95,2.85,2026-06-19 07:26:30,6:30 pm,Sat 20/06
KF Austfjardja,Kormakur/Hvot,2.33,4.07,2.53,2026-06-19 07:26:30,7:00 pm,Sat 20/06
CA Fenix Montevideo,Club Oriental de Football,2.0,3.23,3.71,2026-06-19 07:26:30,7:00 pm,Sat 20/06
AD Cantolao,CDU San Martin,3.2,3.4,2.04,2026-06-19 07:26:30,7:00 pm,Sat 20/06
HB Torshavn II,FC Hoyvik,1.54,4.52,4.8,2026-06-19 07:26:30,7:00 pm,Sat 20/06
Augnablik Kopavogur,KF Fjallabyggd,1.8,4.3,3.3,2026-06-19 07:26:30,7:00 pm,Sat 20/06
Chertanovo Moscow Women,Lokomotiv Moscow Women,5.63,4.47,1.5,2026-06-19 07:26:30,7:00 pm,Sat 20/06
Lautaro de Buin,CDS Constitucion Unido,2.05,3.5,3.15,2026-06-19 07:26:30,7:00 pm,Sat 20/06
CD Palestino,Deportes Magallanes,1.55,4.03,6.3,2026-06-19 07:26:30,7:30 pm,Sat 20/06
RC Celta Fortuna,SD Ponferradina,2.59,3.03,2.83,2026-06-19 07:26:30,7:30 pm,Sat 20/06
Coquimbo Unido,Deportes Iquique,1.48,4.86,5.95,2026-06-19 07:26:30,7:30 pm,Sat 20/06
FK Rostov Women,Zhfk Yenisey Krasnoyarsk Women,2.32,3.51,2.83,2026-06-19 07:26:30,8:00 pm,Sat 20/06
Netherlands,Sweden,1.79,3.92,4.82,2026-06-19 07:26:30,8:00 pm,Sat 20/06
CD UAI Urquiza,CSD San Martin,2.48,2.93,3.27,2026-06-19 07:26:30,8:30 pm,Sat 20/06
Eb/Streymur,Skala IF,3.22,3.36,2.16,2026-06-19 07:26:30,8:30 pm,Sat 20/06
Club Ciudad de Bolivar,CA Estudiantes,2.7,2.7,3.25,2026-06-19 07:26:30,9:00 pm,Sat 20/06
CA San Telmo,CA Racing de Cordoba,2.8,2.75,3.05,2026-06-19 07:26:30,9:00 pm,Sat 20/06
NSI Runavik,Tofta Itrottarfelag B68,1.2,6.97,10.65,2026-06-19 07:26:30,9:00 pm,Sat 20/06
AL Ansar SC,Al Ahed FC,1.41,4.56,7.18,2026-06-19 07:26:30,9:00 pm,Sat 20/06
Club Olimpo,Kimberley de Mar Del Plata,1.74,3.05,5.35,2026-06-19 07:26:30,9:00 pm,Sat 20/06
Douglas Haig,CS Belgrano,2.26,2.87,3.35,2026-06-19 07:26:30,9:00 pm,Sat 20/06
Gimnasia de Chivilcoy,Escobar FC,1.63,3.24,5.92,2026-06-19 07:26:30,9:00 pm,Sat 20/06
CA Colegiales,Quilmes AC,2.24,2.85,3.95,2026-06-19 07:26:30,9:00 pm,Sat 20/06
Club Almagro,CA Atlanta,3.7,2.9,2.3,2026-06-19 07:26:30,9:00 pm,Sat 20/06
CA Brown de Adrogue,Argentino de Quilmes,2.68,2.83,3.08,2026-06-19 07:26:30,9:00 pm,Sat 20/06
FC Cajamarca,CSC Deportivo Llacuabamba,1.64,3.7,4.6,2026-06-19 07:26:30,9:15 pm,Sat 20/06
Real Pilar FC,CA Villa San Carlos,1.8,3.32,5.15,2026-06-19 07:26:30,9:30 pm,Sat 20/06
CA Alvarado,CDC Nicanor Otamendi,1.35,4.11,9.56,2026-06-19 07:26:30,9:30 pm,Sat 20/06
Villa Dalmine,CS Italiano,2.88,2.73,2.98,2026-06-19 07:26:30,9:30 pm,Sat 20/06
CA Acassuso,CA San Miguel,3.3,2.7,2.65,2026-06-19 07:26:30,9:30 pm,Sat 20/06
CD Armenio,CSD Flandria,2.17,2.87,4.16,2026-06-19 07:26:30,9:30 pm,Sat 20/06
Ferro Carril Oeste Women,CA Independiente Women,1.61,3.51,5.77,2026-06-19 07:26:30,9:30 pm,Sat 20/06
CA Excursionistas,Deportivo Camioneros,2.13,3.07,3.92,2026-06-19 07:26:30,9:30 pm,Sat 20/06
CA Bartolome Mitre,Juventud Antoniana,1.97,2.96,4.11,2026-06-19 07:26:30,9:45 pm,Sat 20/06
Deportes Copiapo,CD Universidad Catolica,4.75,3.86,1.72,2026-06-19 07:26:30,10:00 pm,Sat 20/06
Tacuarembo FC,Paysandu FC,2.06,3.13,3.62,2026-06-19 07:26:30,10:00 pm,Sat 20/06
CA Chaco For Ever,Colon de Santa Fe,3.5,2.85,2.42,2026-06-19 07:26:30,10:00 pm,Sat 20/06
San Martin de San Juan,Agropecuario Argentino,1.96,3.15,4.5,2026-06-19 07:26:30,10:00 pm,Sat 20/06
UD Almeria,Malaga CF,2.15,3.52,3.33,2026-06-19 07:26:30,10:00 pm,Sat 20/06
Anapolis FC GO,AO Itabaiana SE,2.25,2.79,3.61,2026-06-19 07:26:30,10:30 pm,Sat 20/06
Germany,Ivory Coast,1.56,4.67,5.99,2026-06-19 07:26:30,11:00 pm,Sat 20/06
Deportes Linares,Deportes Rengo,1.58,3.99,5.39,2026-06-19 07:26:30,11:00 pm,Sat 20/06
Botafogo FC PB,Volta Redonda FC RJ,2.01,3.03,3.95,2026-06-19 07:26:30,11:00 pm,Sat 20/06
Union Comercio,AD Comerciantes FC,2.0,3.1,3.6,2026-06-19 07:26:30,11:00 pm,Sat 20/06
Atletico Oriente,Aguara,2.3,3.6,2.65,2026-06-19 07:26:30,11:00 pm,Sat 20/06
Juan Pablo II College,Club Ada Jaen,1.5,3.9,5.6,2026-06-19 07:26:30,11:30 pm,Sat 20/06
CA Temperley,San Martin de Tucuman,2.41,2.75,3.7,2026-06-19 07:26:30,12:00 am,Sun 21/06
Detroit City FC,Louisville City FC,2.06,3.6,3.0,2026-06-19 07:26:30,12:00 am,Sun 21/06
Deportes Recoleta,Colo-Colo,4.96,3.77,1.72,2026-06-19 07:26:30,12:30 am,Sun 21/06
Vila Nova FC GO,Nautico PE,2.38,3.15,3.2,2026-06-19 07:26:30,1:00 am,Sun 21/06
Santa Cruz FC PE,Ypiranga FC RS,1.9,3.09,4.34,2026-06-19 07:26:30,1:00 am,Sun 21/06
CSD Rangers,Universidad de Concepcion,4.36,3.57,1.85,2026-06-19 07:26:30,1:00 am,Sun 21/06
Ceara SC CE,Botafogo FC SP,1.94,3.25,4.4,2026-06-19 07:26:30,1:00 am,Sun 21/06
Plaza Colonia,CA Atenas de San Carlos,1.87,3.13,4.43,2026-06-19 07:26:30,1:00 am,Sun 21/06
CD Everton Vina del Mar,San Luis de Quillota,1.71,3.86,4.85,2026-06-19 07:26:30,1:00 am,Sun 21/06
Chattanooga Red Wolves SC,FC Naples,1.69,3.57,4.82,2026-06-19 07:26:30,2:00 am,Sun 21/06
Hartford Athletic,Pittsburgh Riverhounds,2.27,3.46,3.11,2026-06-19 07:26:30,2:00 am,Sun 21/06
Richmond Kickers,Fort Wayne FC,2.56,3.28,2.6,2026-06-19 07:26:30,2:00 am,Sun 21/06
Brooklyn FC,Tampa Bay Rowdies,5.34,4.35,1.58,2026-06-19 07:26:30,2:00 am,Sun 21/06
Lexington SC,Indy Eleven,2.06,3.65,2.95,2026-06-19 07:26:30,2:00 am,Sun 21/06
Sporting Jax,Charleston Battery,5.95,4.66,1.5,2026-06-19 07:26:30,2:00 am,Sun 21/06
Greenville Triumph SC,Av Alta FC,2.0,3.43,3.48,2026-06-19 07:26:30,2:00 am,Sun 21/06
New England Mutiny Women,Hudson Valley Crusaders Women,2.09,3.7,2.85,2026-06-19 07:26:30,2:00 am,Sun 21/06
AC San Martin de Mendoza,CA Huracan Las Heras,1.96,3.02,4.02,2026-06-19 07:26:30,2:30 am,Sun 21/06
Ituano FC SP,Figueirense FC SC,1.95,3.12,4.04,2026-06-19 07:26:30,2:30 am,Sun 21/06
Maranhao AC MA,Paysandu SC PA,2.55,2.98,2.84,2026-06-19 07:26:30,3:00 am,Sun 21/06
Forward Madison FC,New York Cosmos,1.57,4.13,5.0,2026-06-19 07:26:30,3:00 am,Sun 21/06
Birmingham Legion FC,Loudoun United FC,1.71,4.06,4.55,2026-06-19 07:26:30,3:00 am,Sun 21/06
Ecuador,Curacao,1.12,10.82,28.83,2026-06-19 07:26:30,3:00 am,Sun 21/06
Cashmere Technical,Nomads United AFC,1.19,6.6,9.2,2026-06-19 07:26:30,3:00 am,Sun 21/06
Coastal Spirit FC,Dunedin City Royals FC,1.66,4.1,3.95,2026-06-19 07:26:30,3:00 am,Sun 21/06
Avondale FC U23,Dandenong Thunder FC U23,1.27,5.98,7.9,2026-06-19 07:26:30,3:15 am,Sun 21/06
FC Tulsa,Colorado Springs Switchbacks FC,2.53,3.66,2.62,2026-06-19 07:26:30,3:30 am,Sun 21/06
Corpus Christi FC,Sarasota Paradise,2.0,3.42,3.47,2026-06-19 07:26:30,3:30 am,Sun 21/06
Spokane Velocity FC,One Knoxville SC,2.33,3.12,3.03,2026-06-19 07:26:30,4:00 am,Sun 21/06
AC Boise,Union Omaha SC,2.13,3.56,3.03,2026-06-19 07:26:30,4:30 am,Sun 21/06
Monterey Bay FC,El Paso Locomotive FC,2.68,3.77,2.43,2026-06-19 07:26:30,5:00 am,Sun 21/06
Phoenix Rising FC,Oakland Roots SC,2.2,3.63,3.13,2026-06-19 07:26:30,5:30 am,Sun 21/06
Las Vegas Lights,Orange County SC,2.07,3.71,3.37,2026-06-19 07:26:30,5:30 am,Sun 21/06
Marconi Stallions FC U20,University of NSW U20,1.65,4.09,4.19,2026-06-19 07:26:30,6:00 am,Sun 21/06
Sacramento Republic FC,New Mexico United,1.84,3.7,4.25,2026-06-19 07:26:30,6:00 am,Sun 21/06
Blacktown City FC U20,APIA Leichhardt Tigers U20,4.95,4.38,1.52,2026-06-19 07:26:30,6:00 am,Sun 21/06
Maitland FC,Newcastle Olympic FC,2.24,4.14,2.55,2026-06-19 07:26:30,6:00 am,Sun 21/06
Glenorchy Knights Women,South Hobart FC Women,2.19,4.09,2.57,2026-06-19 07:26:30,6:00 am,Sun 21/06
Kingborough Lions United FC,South Hobart FC,3.14,4.34,1.88,2026-06-19 07:26:30,6:15 am,Sun 21/06
Olympic Football Club U23,Peninsula Power U23,2.18,4.23,2.6,2026-06-19 07:26:30,6:45 am,Sun 21/06
ST Albans Saints Dinamo SC U23,Altona Magic SC U23,1.92,4.25,3.09,2026-06-19 07:26:30,7:00 am,Sun 21/06
Tunisia,Japan,6.8,4.23,1.57,2026-06-19 07:26:30,7:00 am,Sun 21/06
Sydney United 58 FC,SD Raiders FC,1.54,3.95,5.59,2026-06-19 07:26:30,7:30 am,Sun 21/06
Bulls FC Academy Women,NWS Spirit FC Women,1.27,6.34,7.49,2026-06-19 07:26:30,7:40 am,Sun 21/06
Queensland Lions FC U23,Rochedale Rovers U23,2.08,3.8,2.98,2026-06-19 07:26:30,7:45 am,Sun 21/06
Blacktown City FC,APIA Leichhardt,4.72,4.24,1.58,2026-06-19 07:26:30,8:00 am,Sun 21/06
Sydney FC Youth,Wollongong Wolves FC,3.14,3.47,2.11,2026-06-19 07:26:30,8:00 am,Sun 21/06
Gold Coast United FC Women,Souths Strikers Women,1.23,6.17,9.26,2026-06-19 07:26:30,8:00 am,Sun 21/06
Illawarra Stingrays Women,Unsw FC Women,20.24,8.29,1.1,2026-06-19 07:26:30,8:00 am,Sun 21/06
Boroondara Eagles Women,Preston Lions Women,1.84,3.97,3.63,2026-06-19 07:26:30,8:00 am,Sun 21/06
Marconi Stallions,University of Nsw,1.37,4.63,7.52,2026-06-19 07:26:30,8:00 am,Sun 21/06
Kahibah FC,Charlestown Azzurri FC,3.08,4.04,1.97,2026-06-19 07:26:30,8:00 am,Sun 21/06
Macarthur Rams Women,Apia Leichhardt FC Women,4.33,4.33,1.62,2026-06-19 07:26:30,8:00 am,Sun 21/06
Lake Macquarie City FC Women,Newcastle Olympic FC Women,1.26,6.16,8.08,2026-06-19 07:26:30,8:00 am,Sun 21/06
Canberra Croatia FC Women,Canberra Olympic Women,1.6,4.2,4.39,2026-06-19 07:26:30,8:00 am,Sun 21/06
Gladesville Ravens Women,Western City Rangers FC Women,1.35,5.02,7.14,2026-06-19 07:26:30,8:10 am,Sun 21/06
Olympic FC Brisbane,Peninsula Power FC,4.37,4.67,1.65,2026-06-19 07:26:30,9:00 am,Sun 21/06
Heidelberg United FC Women,Box Hill United Women,5.06,4.28,1.57,2026-06-19 07:26:30,9:15 am,Sun 21/06
Casuarina FC,Darwin Hearts FC,2.57,4.16,2.22,2026-06-19 07:26:30,9:30 am,Sun 21/06
Sydney United 58 FC U20,SD Raiders FC,1.6,4.0,4.66,2026-06-19 07:26:30,9:30 am,Sun 21/06
Western Sydney Wanderers Youth Women,Hills United FC Women,1.57,4.24,4.82,2026-06-19 07:26:30,10:00 am,Sun 21/06
Lions FC,Rochedale Rovers,1.22,7.32,10.89,2026-06-19 07:26:30,10:00 am,Sun 21/06
Sorrento FC Women,Fremantle City FC Women,17.36,8.87,1.1,2026-06-19 07:26:30,10:00 am,Sun 21/06
Uwa Nedlands FC Women,Perth Redstar FC Women,15.45,8.69,1.11,2026-06-19 07:26:30,10:00 am,Sun 21/06
ST Albans Saints Dinamo SC,Altona Magic SC,1.96,3.6,3.55,2026-06-19 07:26:30,10:00 am,Sun 21/06
Nacka FC,IF Eker Orebro,1.65,4.2,3.85,2026-06-19 07:26:30,1:00 pm,Sun 21/06
SK Super Nova,FK Auda Riga,5.56,4.17,1.59,2026-06-19 07:26:30,2:00 pm,Sun 21/06
Karlslunds IF HFK,FOC Farsta,3.15,3.8,1.93,2026-06-19 07:26:30,2:00 pm,Sun 21/06
BK Forward,Fittja IF,1.73,3.95,3.75,2026-06-19 07:26:30,2:00 pm,Sun 21/06
Suzhou Dongwu,Yunnan Yukun,11.66,6.22,1.21,2026-06-19 07:26:30,2:00 pm,Sun 21/06
Tartu JK Tammeka,JK Narva Trans,1.71,3.86,4.85,2026-06-19 07:26:30,2:30 pm,Sun 21/06
FC Okzhetpes,Tobol Kostanay,1.94,3.72,3.77,2026-06-19 07:26:30,3:00 pm,Sun 21/06
FC Kyzylzhar SK,FC Kairat Almaty,4.79,3.59,1.78,2026-06-19 07:26:30,4:00 pm,Sun 21/06
IK Brage,IFK Varnamo,2.11,3.66,3.31,2026-06-19 07:26:30,4:00 pm,Sun 21/06
AL Tadamon Sour,Racing Beirut,1.27,5.25,10.69,2026-06-19 07:26:30,4:00 pm,Sun 21/06
Helsingborgs IF,GIF Sundsvall,1.93,3.58,3.97,2026-06-19 07:26:30,4:00 pm,Sun 21/06
Osters IF,Falkenbergs FF,2.3,3.72,2.88,2026-06-19 07:26:30,4:00 pm,Sun 21/06
Ymir Kopavogur,Hottur/Huginn,2.2,4.0,2.6,2026-06-19 07:26:30,4:30 pm,Sun 21/06
Racing Club Women,CA River Plate (ARG) Women,1.79,3.18,4.82,2026-06-19 07:26:30,5:00 pm,Sun 21/06
Avai FC SC,Cuiaba EC MT,2.55,2.9,3.2,2026-06-19 07:26:30,5:00 pm,Sun 21/06
Bryne FK,Aasane Fotball,1.48,4.86,5.95,2026-06-19 07:26:30,5:00 pm,Sun 21/06
Raufoss IL,Sogndal Fotball,3.03,3.78,2.2,2026-06-19 07:26:30,5:00 pm,Sun 21/06
Umea FF,IFK Ostersund,2.37,3.65,2.35,2026-06-19 07:26:30,5:00 pm,Sun 21/06
Tallinna FC Flora,Paide Linnameeskond,1.64,4.18,4.97,2026-06-19 07:26:30,5:00 pm,Sun 21/06
Korsnas IF FK,Sunnersta AIF,3.75,3.9,1.74,2026-06-19 07:26:30,5:00 pm,Sun 21/06
Orebro Syrianska IF,Lindo FF,1.94,3.75,3.15,2026-06-19 07:26:30,5:00 pm,Sun 21/06
Stroemmen IF,Stabaek IF,4.16,4.16,1.76,2026-06-19 07:26:30,5:00 pm,Sun 21/06
Smedby AIS,IFK Haninge,2.14,3.9,2.65,2026-06-19 07:26:30,5:00 pm,Sun 21/06
Taby FK,Helges IF,1.22,5.6,9.4,2026-06-19 07:26:30,5:00 pm,Sun 21/06
Moss FK,Sandnes Ulf,2.0,3.96,3.36,2026-06-19 07:26:30,5:00 pm,Sun 21/06
IF Karlstad Fotbollutveckling,Motala AIF FK,2.7,3.55,2.24,2026-06-19 07:26:30,5:00 pm,Sun 21/06
SER Caxias do Sul,Maringa FC PR,2.04,3.28,3.52,2026-06-19 07:26:30,5:00 pm,Sun 21/06
Odds BK,Hoedd IL,1.44,4.94,6.51,2026-06-19 07:26:30,5:00 pm,Sun 21/06
IFK Goteborg Women,Trelleborgs FF Women,1.68,3.95,4.34,2026-06-19 07:26:30,5:00 pm,Sun 21/06
IF Vestri,Afturelding,3.17,3.96,2.08,2026-06-19 07:26:30,5:00 pm,Sun 21/06
Egersunds IK,FK Haugesund,3.02,3.96,2.15,2026-06-19 07:26:30,5:00 pm,Sun 21/06
Kongsvinger IL Toppfotball,Stroemsgodset IF,2.63,4.07,2.35,2026-06-19 07:26:30,5:00 pm,Sun 21/06
Riga FC,FK Liepaja,1.4,4.96,7.53,2026-06-19 07:26:30,6:00 pm,Sun 21/06
Norrby IF,Nordic United FC,2.78,3.57,2.44,2026-06-19 07:26:30,6:00 pm,Sun 21/06
FC Aktobe,FC Astana,2.89,3.49,2.39,2026-06-19 07:26:30,6:00 pm,Sun 21/06
Ostersunds FK,IFK Norrkoping FK,2.67,3.41,2.62,2026-06-19 07:26:30,6:00 pm,Sun 21/06
La Luz FC,CS Cerrito,2.38,2.99,3.08,2026-06-19 07:26:30,6:30 pm,Sun 21/06
Spain,Saudi Arabia,1.11,11.17,31.36,2026-06-19 07:26:30,7:00 pm,Sun 21/06
IR Reykjavik,Volsungur,1.38,5.55,6.94,2026-06-19 07:26:30,7:00 pm,Sun 21/06
Atletico Colina,Brujas de Salamanca,2.55,3.15,2.75,2026-06-19 07:26:30,7:00 pm,Sun 21/06
CD Antofagasta,Deportes La Serena,2.72,3.41,2.57,2026-06-19 07:26:30,7:30 pm,Sun 21/06
Huachipato,Puerto Montt,1.67,3.86,5.15,2026-06-19 07:26:30,7:30 pm,Sun 21/06
Arsenal de Sarandi,Deportivo Merlo,1.96,3.12,4.56,2026-06-19 07:26:30,8:30 pm,Sun 21/06
CA Talleres de Remedios,Club Comunicaciones,1.98,3.07,4.56,2026-06-19 07:26:30,8:30 pm,Sun 21/06
Argentino de Merlo,CS Dock Sud,2.23,2.97,3.77,2026-06-19 07:26:30,8:30 pm,Sun 21/06
Breidablik Kopavogur,KA Akureyri,1.64,4.66,4.46,2026-06-19 07:26:30,9:00 pm,Sun 21/06
Valur Reykjavik,Keflavik IF,2.18,4.08,2.89,2026-06-19 07:26:30,9:00 pm,Sun 21/06
Deportivo Madryn,Club Atletico Los Andes,2.39,2.8,3.65,2026-06-19 07:26:30,9:00 pm,Sun 21/06
FH Hafnarfjordur,Thor Akureyri,1.83,4.26,3.71,2026-06-19 07:26:30,9:00 pm,Sun 21/06
IBV Vestmannaeyjar,Stjarnan Gardabae,2.72,4.06,2.29,2026-06-19 07:26:30,9:00 pm,Sun 21/06
Union Minas,Sport Huancayo,9.8,4.4,1.29,2026-06-19 07:26:30,9:15 pm,Sun 21/06
Club Atletico Rentistas,Uruguay Montevideo FC,1.99,3.13,3.85,2026-06-19 07:26:30,9:30 pm,Sun 21/06
Club Cipolletti,Deportivo Rincon,1.83,2.98,4.8,2026-06-19 07:26:30,9:30 pm,Sun 21/06
CAS Defensores de Belgrano,Independiente de Chivilcoy,2.28,2.91,3.25,2026-06-19 07:26:30,9:30 pm,Sun 21/06
CA Defensores de Belgrano,CA All Boys,2.12,2.85,4.4,2026-06-19 07:26:30,9:30 pm,Sun 21/06
Chacarita Juniors,CSD Tristan Suarez,2.55,2.75,3.35,2026-06-19 07:26:30,9:30 pm,Sun 21/06
Club Almirante Brown,Mitre Santiago del Estero,2.49,2.7,3.55,2026-06-19 07:26:30,9:30 pm,Sun 21/06
Ferro Carril Oeste,Deportivo Moron,2.24,2.89,3.89,2026-06-19 07:26:30,9:30 pm,Sun 21/06
CA Patronato Parana,CA Ferrocarril Midland,2.39,2.89,3.49,2026-06-19 07:26:30,9:30 pm,Sun 21/06
CR Brasil AL,Fortaleza EC CE,2.31,3.3,3.2,2026-06-19 07:26:30,10:00 pm,Sun 21/06
Deportes Union La Calera,Union San Felipe,1.92,3.62,3.97,2026-06-19 07:26:30,10:00 pm,Sun 21/06
Gimnasia y Esgrima de Concepcion del Uruguay,Sportivo Las Parejas,2.21,2.77,3.63,2026-06-19 07:26:30,10:00 pm,Sun 21/06
Club Tucuman Central Deportes,CA Boca Unidos Corrientes,2.23,3.0,3.24,2026-06-19 07:26:30,10:00 pm,Sun 21/06
Belgium,IR Iran,1.45,4.9,8.02,2026-06-19 07:26:30,10:00 pm,Sun 21/06
Brusque FC SC,Floresta EC CE,2.15,2.81,3.87,2026-06-19 07:26:30,10:00 pm,Sun 21/06
Deportes Temuco,Deportes Concepcion,2.59,3.59,2.59,2026-06-19 07:26:30,10:00 pm,Sun 21/06
Grotta,Fylkir Reykjavik,4.85,4.26,1.64,2026-06-19 07:26:30,10:15 pm,Sun 21/06
KF Aegir,Throttur Reykjavik,4.95,4.55,1.59,2026-06-19 07:26:30,10:15 pm,Sun 21/06
HK Kopavogur,UMF Grindavik,1.78,4.26,3.97,2026-06-19 07:26:30,10:15 pm,Sun 21/06
CD Maipu,Gimnasia Y Tiro de Salta,2.15,3.05,3.9,2026-06-19 07:26:30,10:30 pm,Sun 21/06
CSB Atenas,Costa Brava de General Pico,2.08,2.87,3.82,2026-06-19 07:26:30,10:30 pm,Sun 21/06
CA Central Norte Salta,CD Godoy Cruz,3.54,2.79,2.44,2026-06-19 07:26:30,10:30 pm,Sun 21/06
Curico Unido,Nublense,3.36,3.41,2.18,2026-06-19 07:26:30,11:00 pm,Sun 21/06
CS Santos FC,Ayacucho FC,1.81,3.3,4.1,2026-06-19 07:26:30,11:00 pm,Sun 21/06
CD Provincial Ovalle FC,Real San Joaquin,2.18,3.25,3.3,2026-06-19 07:26:30,11:00 pm,Sun 21/06
Sao Bernardo FC,EC Juventude RS,2.59,2.94,3.09,2026-06-19 07:26:30,11:00 pm,Sun 21/06
CA Guemes,Gimnasia y Esgrima de Jujuy,3.2,2.85,2.55,2026-06-19 07:26:30,11:00 pm,Sun 21/06
Lota Schwager,Santiago Morning,3.25,3.2,2.23,2026-06-19 07:26:30,11:00 pm,Sun 21/06
Colchagua CD,Provincial Osorno,2.26,3.35,3.05,2026-06-19 07:26:30,11:00 pm,Sun 21/06
Fram Reykjavik,Vikingur Reykjavik,4.25,4.55,1.68,2026-06-19 07:26:30,11:15 pm,Sun 21/06
Universidad de Chile,Santiago Wanderers,1.76,3.97,4.37,2026-06-19 07:26:30,12:30 am,Mon 22/06
Barra FC SC,Amazonas FC AM,2.01,2.89,4.23,2026-06-19 07:26:30,12:30 am,Mon 22/06
Ferroviaria Araraquara SP,AA Internacional Limeira SP,2.11,2.84,3.95,2026-06-19 07:26:30,12:30 am,Mon 22/06
Goias EC GO,Operario Ferroviario EC PR,2.19,3.09,3.69,2026-06-19 07:26:30,12:30 am,Mon 22/06
Uruguay,Cape Verde,1.5,4.34,8.04,2026-06-19 07:26:30,1:00 am,Mon 22/06
New Zealand,Egypt,5.89,4.08,1.65,2026-06-19 07:26:30,4:00 am,Mon 22/06
FC RFS,Ogre United,1.12,8.53,24.79,2026-06-19 07:26:30,6:00 pm,Mon 22/06
IK Oddevold,Ljungskile SK,2.2,3.52,3.22,2026-06-19 07:26:30,8:00 pm,Mon 22/06
Varbergs BoIS,Landskrona BoIS,1.92,3.61,3.96,2026-06-19 07:26:30,8:00 pm,Mon 22/06
FC Torpedo Kutaisi,FC Spaeri,1.61,3.91,4.67,2026-06-19 07:26:30,8:00 pm,Mon 22/06
Argentina,Austria,1.63,4.13,6.02,2026-06-19 07:26:30,8:00 pm,Mon 22/06
Orebro SK,Sandvikens IF,2.77,3.61,2.42,2026-06-19 07:26:30,8:05 pm,Mon 22/06
IK Sleipner,Nykopings BIS,2.22,3.6,2.7,2026-06-19 07:26:30,8:30 pm,Mon 22/06
Shelbourne FC,Bohemians Dublin FC,2.62,3.26,2.77,2026-06-19 07:26:30,9:45 pm,Mon 22/06
Shamrock Rovers,Derry City FC,1.95,3.37,4.16,2026-06-19 07:26:30,10:00 pm,Mon 22/06
KR Reykjavik,IA Akranes,1.48,5.33,5.33,2026-06-19 07:26:30,10:15 pm,Mon 22/06
France,Iraq,1.09,12.94,38.37,2026-06-19 07:26:30,12:00 am,Tue 23/06
CA Talleres de Cordoba Women,CA Huracan Women,1.9,3.2,4.16,2026-06-19 07:26:30,1:00 am,Tue 23/06
AD Confianca SE,Guarani FC SP,3.03,2.99,2.41,2026-06-19 07:26:30,1:30 am,Tue 23/06
AA Ponte Preta SP,Gremio Novorizontino SP,4.5,3.3,1.9,2026-06-19 07:26:30,2:00 am,Tue 23/06
CA 9 de Julio Rafaela,CA Linqueno,1.48,3.9,6.28,2026-06-19 07:26:30,2:15 am,Tue 23/06
Norway,Senegal,2.39,3.54,3.14,2026-06-19 07:26:30,3:00 am,Tue 23/06
Jordan,Algeria,5.93,4.23,1.63,2026-06-19 07:26:30,6:00 am,Tue 23/06
Kuopion Palloseura,Tampereen Ilves,1.68,4.0,4.9,2026-06-19 07:26:30,6:00 pm,Tue 23/06
Vaasan Palloseura,AC Oulu,2.54,3.29,2.84,2026-06-19 07:26:30,6:00 pm,Tue 23/06
FC Lahti,Turun Palloseura,1.9,3.5,4.2,2026-06-19 07:26:30,6:00 pm,Tue 23/06
FC Inter Turku,Seinajoen JK,1.55,4.3,5.6,2026-06-19 07:26:30,7:00 pm,Tue 23/06
FF Jaro,IF Gnistan,3.19,3.34,2.29,2026-06-19 07:26:30,7:00 pm,Tue 23/06
FC Dinamo Tbilisi,FC Dinamo Batumi,1.58,3.86,5.02,2026-06-19 07:26:30,8:00 pm,Tue 23/06
IFK Mariehamn,HJK Helsinki,7.38,5.18,1.39,2026-06-19 07:26:30,8:00 pm,Tue 23/06
Portugal,Uzbekistan,1.22,7.4,15.27,2026-06-19 07:26:30,8:00 pm,Tue 23/06
England,Ghana,1.23,7.04,15.26,2026-06-19 07:26:30,11:00 pm,Tue 23/06
Nueva Chicago,Atletico de Rafaela,2.47,2.6,3.8,2026-06-19 07:26:30,12:30 am,Wed 24/06
Panama,Croatia,6.68,4.31,1.57,2026-06-19 07:26:30,2:00 am,Wed 24/06
America FC MG,Criciuma EC SC,3.08,3.03,2.53,2026-06-19 07:26:30,2:00 am,Wed 24/06
Colombia,Congo DR,1.52,4.37,7.44,2026-06-19 07:26:30,5:00 am,Wed 24/06
Sao Goncalo EC RJ,Serrano FC RJ,2.75,2.66,2.85,2026-06-19 07:26:30,5:00 pm,Wed 24/06
Bosnia and Herzegovina,Qatar,1.42,5.25,7.9,2026-06-19 07:26:30,10:00 pm,Wed 24/06
Switzerland,Canada,2.39,3.2,3.46,2026-06-19 07:26:30,10:00 pm,Wed 24/06
Scotland,Brazil,7.79,5.02,1.44,2026-06-19 07:26:30,1:00 am,Thu 25/06
Morocco,Haiti,1.29,6.27,11.39,2026-06-19 07:26:30,1:00 am,Thu 25/06
Curacao,Ivory Coast,22.91,9.75,1.14,2026-06-19 07:26:30,11:00 pm,Thu 25/06
Ecuador,Germany,5.32,3.98,1.72,2026-06-19 07:26:30,11:00 pm,Thu 25/06
Japan,Sweden,2.21,3.53,3.53,2026-06-19 07:26:30,2:00 am,Fri 26/06
Tunisia,Netherlands,10.02,5.77,1.34,2026-06-19 07:26:30,2:00 am,Fri 26/06
Paraguay,Australia,2.24,3.38,3.61,2026-06-19 07:26:30,5:00 am,Fri 26/06
Turkiye,USA,2.89,3.68,2.49,2026-06-19 07:26:30,5:00 am,Fri 26/06
Qingdao Hainiu FC,Yunnan Yukun,2.55,3.75,2.55,2026-06-19 07:26:30,2:35 pm,Fri 26/06
Parnu JK Vaprus,FC Kuressaare,1.86,3.85,3.95,2026-06-19 07:26:30,8:00 pm,Fri 26/06
Norway,France,4.45,3.87,1.86,2026-06-19 07:26:30,10:00 pm,Fri 26/06
Senegal,Iraq,1.32,5.68,11.27,2026-06-19 07:26:30,10:00 pm,Fri 26/06
Uruguay,Spain,6.36,4.49,1.56,2026-06-19 07:26:30,3:00 am,Sat 27/06
Cape Verde,Saudi Arabia,2.89,3.66,2.49,2026-06-19 07:26:30,3:00 am,Sat 27/06
New Zealand,Belgium,14.41,7.01,1.24,2026-06-19 07:26:30,6:00 am,Sat 27/06
Egypt,IR Iran,2.14,3.24,4.1,2026-06-19 07:26:30,6:00 am,Sat 27/06
Liaoning Tieren FC,Shandong Taishan FC,2.65,3.9,2.39,2026-06-19 07:26:30,2:00 pm,Sat 27/06
Shenzhen Peng City,Chengdu Rongcheng,4.59,4.0,1.72,2026-06-19 07:26:30,2:35 pm,Sat 27/06
Henan,Shanghai Port FC,2.03,3.64,3.54,2026-06-19 07:26:30,2:35 pm,Sat 27/06
Beijing Guoan,Wuhan Three Towns FC,1.4,5.2,7.0,2026-06-19 07:26:30,3:00 pm,Sat 27/06
Chongqing Tonglianglong FC,Tianjin Jinmen Tiger,2.14,3.15,3.75,2026-06-19 07:26:30,3:00 pm,Sat 27/06
Panama,England,11.35,6.62,1.28,2026-06-19 07:26:30,12:00 am,Sun 28/06
Croatia,Ghana,1.62,4.13,6.2,2026-06-19 07:26:30,12:00 am,Sun 28/06
Congo DR,Uzbekistan,2.16,3.61,3.57,2026-06-19 07:26:30,2:30 am,Sun 28/06
Colombia,Portugal,3.62,3.44,2.21,2026-06-19 07:26:30,2:30 am,Sun 28/06
Algeria,Austria,3.1,3.19,2.6,2026-06-19 07:26:30,5:00 am,Sun 28/06
Jordan,Argentina,14.52,7.33,1.23,2026-06-19 07:26:30,5:00 am,Sun 28/06
Qingdao West Coast FC,Zhejiang FC,2.3,3.7,2.9,2026-06-19 07:26:30,1:00 pm,Sun 28/06
Dalian Yingbo FC,Shanghai Shenhua FC,2.5,3.55,2.7,2026-06-19 07:26:30,2:00 pm,Sun 28/06
Libertad Loja,Leones Futbol Club,2.13,3.34,3.54,2026-06-19 07:26:30,11:00 pm,Wed 01/07
Barcelona SC,CD Cuenca,1.49,4.08,7.37,2026-06-19 07:26:30,11:00 pm,Wed 01/07
CSD Independiente del Valle,Manta FC,1.21,6.4,14.0,2026-06-19 07:26:30,11:00 pm,Wed 01/07
Delfin SC,CS Emelec,2.8,3.1,2.7,2026-06-19 07:26:30,11:00 pm,Wed 01/07
IK Sirius,Mjallby AIF,1.61,4.22,5.25,2026-06-19 07:26:30,8:00 pm,Fri 03/07
Degerfors IF,Malmo FF,2.77,3.58,2.44,2026-06-19 07:26:30,4:00 pm,Sat 04/07
Halmstads BK,Vasteraas SK,2.6,3.42,2.68,2026-06-19 07:26:30,4:00 pm,Sat 04/07
IFK Goteborg,AIK,2.56,3.49,2.68,2026-06-19 07:26:30,3:00 pm,Sun 05/07
Kalmar FF,Orgryte IS,1.44,4.84,6.67,2026-06-19 07:26:30,3:00 pm,Sun 05/07
IF Elfsborg,Hammarby IF,3.46,3.79,2.01,2026-06-19 07:26:30,5:30 pm,Sun 05/07
IF Brommapojkarna,GAIS,3.25,3.58,2.16,2026-06-19 07:26:30,8:00 pm,Mon 06/07
BK Hacken,Djurgardens IF,2.22,3.82,2.95,2026-06-19 07:26:30,8:00 pm,Mon 06/07
CS Universitatea Craiova,FC Universitatea Cluj,2.08,3.3,3.75,2026-06-19 07:26:30,6:00 pm,Sun 12/07
AGF Aarhus,KKS Lech Poznan,2.36,3.43,3.27,2026-06-19 07:26:30,4:00 pm,Tue 21/07
Fenerbahce Istanbul,Gornik Zabrze,1.3,6.14,11.67,2026-06-19 07:26:30,4:00 pm,Tue 21/07
Club Nacional de Football,CA Tigre,1.83,3.5,4.6,2026-06-19 07:26:30,1:00 am,Wed 22/07
UCV FC,Santos FC SP,3.85,4.2,1.81,2026-06-19 07:26:30,3:30 am,Wed 22/07
SC Corinthians SP,Clube do Remo PA,1.55,4.0,6.52,2026-06-19 07:26:30,9:00 pm,Wed 22/07
Coritiba FC PR,SE Palmeiras SP,4.17,3.38,1.94,2026-06-19 07:26:30,9:00 pm,Wed 22/07
Botafogo FR RJ,Santos FC SP,1.94,3.38,4.17,2026-06-19 07:26:30,9:00 pm,Wed 22/07
Atletico Mineiro MG,EC Bahia BA,2.13,3.38,3.53,2026-06-19 07:26:30,9:00 pm,Wed 22/07
Fluminense FC RJ,Red Bull Bragantino SP,1.74,3.64,4.95,2026-06-19 07:26:30,9:00 pm,Wed 22/07
Chapecoense SC,CR Flamengo RJ,7.4,4.73,1.42,2026-06-19 07:26:30,9:00 pm,Wed 22/07
Mirassol FC SP,Gremio FB Porto Alegrense RS,2.08,3.39,3.64,2026-06-19 07:26:30,9:00 pm,Wed 22/07
EC Vitoria BA,CR Vasco da Gama RJ,2.43,3.32,2.96,2026-06-19 07:26:30,9:00 pm,Wed 22/07
Sao Paulo FC SP,CA Paranaense PR,1.9,3.46,4.28,2026-06-19 07:26:30,9:00 pm,Wed 22/07
SC Internacional RS,Cruzeiro EC MG,2.28,3.34,3.21,2026-06-19 07:26:30,9:00 pm,Wed 22/07
Independiente Medellin,CR Vasco da Gama RJ,2.6,3.3,2.75,2026-06-19 07:26:30,1:00 am,Thu 23/07
Sporting Cristal,Red Bull Bragantino SP,3.05,3.45,2.32,2026-06-19 07:26:30,3:30 am,Thu 23/07
CA Lanus,Cienciano,1.35,5.39,8.18,2026-06-19 07:26:30,3:30 am,Thu 23/07
RKS Rakow Czestochowa,Valletta FC,1.12,10.83,28.41,2026-06-19 07:26:30,4:00 pm,Thu 23/07
Club Bolivar,Gremio FB Porto Alegrense RS,1.68,4.3,4.4,2026-06-19 07:26:30,1:00 am,Fri 24/07
Independiente Santa Fe,Caracas FC,1.54,4.0,6.6,2026-06-19 07:26:30,3:30 am,Fri 24/07
Boca Juniors,CD O´Higgins,1.41,4.7,7.8,2026-06-19 07:26:30,3:30 am,Fri 24/07
Vaalerenga IF,HamKam,1.76,4.38,4.25,2026-06-19 07:26:30,8:00 pm,Fri 31/07
Dundee United,Glasgow Rangers,6.1,4.8,1.52,2026-06-19 07:26:30,10:00 pm,Fri 31/07
Falkirk FC,St Mirren FC,1.93,4.05,3.76,2026-06-19 07:26:30,5:00 pm,Sat 01/08
Aberdeen FC,Heart of Midlothian FC,3.74,3.85,1.99,2026-06-19 07:26:30,7:30 pm,Sat 01/08
SE Palmeiras SP,Fortaleza EC CE,1.28,5.35,12.2,2026-06-19 07:26:30,12:00 am,Sun 02/08
SC Internacional RS,SC Corinthians SP,2.17,3.32,3.47,2026-06-19 07:26:30,12:00 am,Sun 02/08
Atletico Mineiro MG,EC Juventude RS,1.38,4.53,9.34,2026-06-19 07:26:30,12:00 am,Sun 02/08
Santos FC SP,Clube do Remo PA,1.72,3.69,5.06,2026-06-19 07:26:30,12:00 am,Sun 02/08
Chapecoense SC,Cruzeiro EC MG,3.57,3.2,2.18,2026-06-19 07:26:30,12:00 am,Sun 02/08
Mirassol FC SP,Gremio FB Porto Alegrense RS,2.2,3.28,3.43,2026-06-19 07:26:30,12:00 am,Sun 02/08
CR Vasco da Gama RJ,Fluminense FC RJ,2.61,3.27,2.77,2026-06-19 07:26:30,12:00 am,Sun 02/08
CA Paranaense PR,EC Vitoria BA,1.88,3.36,4.54,2026-06-19 07:26:30,12:00 am,Sun 02/08
St. Johnstone FC,Kilmarnock FC,2.45,3.65,2.87,2026-06-19 07:26:30,4:00 pm,Sun 02/08
Hibernian FC,Motherwell FC,2.19,3.73,3.29,2026-06-19 07:26:30,6:30 pm,Sun 02/08
Celtic Glasgow,Dundee FC,1.19,8.45,14.28,2026-06-19 07:26:30,9:30 pm,Mon 03/08
Fluminense FC RJ,Independiente Rivadavia,1.55,4.28,5.78,2026-06-19 07:26:30,1:00 am,Wed 12/08
Estudiantes de La Plata,CD Universidad Catolica,1.73,3.69,4.99,2026-06-19 07:26:30,3:30 am,Wed 12/08
CD Tolima,CSD Independiente del Valle,2.55,3.3,2.8,2026-06-19 07:26:30,3:30 am,Wed 12/08
AEK Athens,OFI Crete,1.53,4.1,6.59,2026-06-19 07:26:30,9:00 pm,Wed 12/08
Paris Saint-Germain,Aston Villa,1.58,4.4,6.2,2026-06-19 07:26:30,10:00 pm,Wed 12/08
SE Palmeiras SP,Cerro Porteno,1.32,5.2,9.6,2026-06-19 07:26:30,1:00 am,Thu 13/08
CA Platense,Coquimbo Unido,1.78,3.35,5.2,2026-06-19 07:26:30,1:00 am,Thu 13/08
Cruzeiro EC MG,CR Flamengo RJ,2.6,3.3,2.75,2026-06-19 07:26:30,3:30 am,Thu 13/08
Mirassol FC SP,LDU Quito,1.93,3.34,4.29,2026-06-19 07:26:30,1:00 am,Fri 14/08
CA Rosario Central,SC Corinthians SP,2.31,3.15,3.35,2026-06-19 07:26:30,3:30 am,Fri 14/08
Arsenal FC,Manchester City,2.24,3.74,3.27,2026-06-19 07:26:30,5:00 pm,Sun 16/08
Rot-Weiss Essen,FC St. Pauli,2.76,3.47,2.5,2026-06-19 07:26:30,3:00 pm,Fri 21/08
VfB 1921 Krieschow,FSV Mainz,96.29,87.91,92.1,2026-06-19 07:26:30,3:00 pm,Fri 21/08
MSV Duisburg,SV 07 Elversberg,4.42,3.73,1.8,2026-06-19 07:26:30,3:00 pm,Fri 21/08
SC Preussen 06 Munster,Karlsruher SC,2.91,3.48,2.38,2026-06-19 07:26:30,3:00 pm,Fri 21/08
Energie Cottbus,FC Augsburg,5.03,4.32,1.61,2026-06-19 07:26:30,3:00 pm,Fri 21/08
SG Sonnenhof Grossaspach,Arminia Bielefeld,5.26,4.02,1.64,2026-06-19 07:26:30,3:00 pm,Fri 21/08
Genoa CFC,SSC Napoli,5.98,3.88,1.68,2026-06-19 07:26:30,4:00 pm,Sat 22/08
Venezia FC,US Lecce,2.51,3.34,3.11,2026-06-19 07:26:30,4:00 pm,Sat 22/08
Parma Calcio,Cagliari Calcio,2.58,3.27,3.07,2026-06-19 07:26:30,4:00 pm,Sat 22/08
Bologna FC,Lazio Rome,2.21,3.36,3.71,2026-06-19 07:26:30,4:00 pm,Sat 22/08
Inter Milano,AC Monza,1.21,7.72,16.2,2026-06-19 07:26:30,4:00 pm,Sat 22/08
Frosinone Calcio,Juventus Turin,7.78,4.98,1.45,2026-06-19 07:26:30,4:00 pm,Sat 22/08
Atalanta BC,Sassuolo Calcio,1.55,4.65,6.32,2026-06-19 07:26:30,4:00 pm,Sat 22/08
Udinese Calcio,Como 1907,5.05,3.75,1.8,2026-06-19 07:26:30,4:00 pm,Sat 22/08
Torino FC,AC Milan,4.58,3.78,1.86,2026-06-19 07:26:30,4:00 pm,Sat 22/08
AS Roma,ACF Fiorentina,1.6,4.28,6.25,2026-06-19 07:26:30,4:00 pm,Sat 22/08
Borussia Dortmund,Bayern Munich,4.56,4.55,1.64,2026-06-19 07:26:30,9:30 pm,Sat 22/08
Oakleigh Cannons FC U23,Melbourne City FC U23,3.81,4.53,1.68,2026-06-19 07:26:30,11:15 am,Fri 19/06
Spring Hills FC Women U20,Bentleigh Greens SC U20 Women,1.02,13.0,23.0,2026-06-19 07:26:30,11:15 am,Fri 19/06
Ffsa Ntc Reserve Women,Campbelltown City SC Reserves Women,1.64,4.11,4.2,2026-06-19 07:26:30,11:45 am,Fri 19/06
Olympia Warriors Hobart,South Hobart FC 2,5.51,5.32,1.39,2026-06-19 07:26:30,1:15 pm,Fri 19/06
Palmerston Rovers Women,Azzurri United FC Women,8.0,5.8,1.29,2026-06-19 07:26:30,12:00 pm,Fri 19/06
