homeTeam,awayTeam,homeOdds,league,drawOdds,awayOdds,Time,Date
San Luis de Quillota,Union San Felipe,1.87,Football / Chile / Primera B,3.34,3.91,1:00 am,Tue 05/05
Vila Nova FC GO,Athletic Club Sjdr MG,1.93,Football / Brazil / Brasileiro Serie B,3.12,4.13,1:00 am,Tue 05/05
Velez Sarsfield,Newell's Old Boys,1.94,Football / Argentina / Liga Profesional,3.32,4.26,1:15 am,Tue 05/05
CA Penarol Montevideo,Defensor Sporting,1.69,Football / Uruguay / Primera Division,3.47,5.01,1:30 am,Tue 05/05
Deportivo Santani,Club Dr Benjamin Aceval,2.43,Football / Paraguay / Segunda Division,3.02,2.87,1:30 am,Tue 05/05
Floresta EC CE,Maranhao AC MA,1.88,Football / Brazil / Brasileiro Serie C,3.01,4.4,2:00 am,Tue 05/05
Figueirense FC SC,Barra FC SC,2.19,Football / Brazil / Brasileiro Serie C,2.81,3.61,2:00 am,Tue 05/05
Club Comunicaciones,CA Ituzaingo,1.74,Football / Argentina / Primera B,3.46,4.62,2:00 am,Tue 05/05
Quilmes AC,Chacarita Juniors,2.21,Football / Argentina / Primera Nacional,2.75,3.81,2:00 am,Tue 05/05
Ypiranga FC RS,Ituano FC SP,1.94,Football / Brazil / Brasileiro Serie C,3.15,3.91,2:00 am,Tue 05/05
FC Universitario de Vinto,Blooming Santa Cruz,1.85,Football / Bolivia / Division Profesional,3.9,3.41,3:00 am,Tue 05/05
DSD Santo Domingo,LDU Portoviejo,2.45,Football / Ecuador / Serie B,3.0,2.8,3:00 am,Tue 05/05
Deportes Quindio,Tigres FC,1.56,Football / Colombia / Primera B,3.57,5.9,3:00 am,Tue 05/05
Sao Paulo FC SP Women,CR Flamengo RJ Women,1.85,"Football / Brazil / Campeonato Brasileiro, Women",3.3,3.9,3:00 am,Tue 05/05
Deportes Concepcion,Huachipato,3.01,Football / Chile / Copa de la Liga,3.3,2.2,3:30 am,Tue 05/05
Estudiantes Rio Cuarto,Instituto AC Cordoba,3.62,Football / Argentina / Liga Profesional,2.98,3.3,3:30 am,Tue 05/05
San Marcos de Arica,Deportes Recoleta,1.93,Football / Chile / Primera B,3.15,3.92,3:30 am,Tue 05/05
Gimnasia Y Tiro de Salta,Agropecuario Argentino,2.25,Football / Argentina / Primera Nacional,2.79,3.61,3:30 am,Tue 05/05
Inter San Carlos,CD Escorpiones Belen,2.05,"Football / Costa Rica / Liga de Ascenso, Clausura",3.35,3.15,4:00 am,Tue 05/05
LD Alajuelense Women,ADFF Pococi Women,1.06,"Football / Costa Rica / Primera Division, Women",9.4,20.0,4:00 am,Tue 05/05
Bucheon FC 1995,Jeju SK FC,2.6,Football / Republic of Korea / K-League 1,3.07,2.95,8:00 am,Tue 05/05
Jeonbuk FC,Gwangju FC,1.32,Football / Republic of Korea / K-League 1,5.25,10.02,8:00 am,Tue 05/05
Siheung Citizen,Jincheon HR FC,1.37,Football / Republic of Korea / Korea Republic K3/K4 Championship,4.59,7.08,9:00 am,Tue 05/05
Jinju Citizen FC,Haman FC,1.33,Football / Republic of Korea / Korea Republic K3/K4 Championship,4.83,7.49,9:00 am,Tue 05/05
Pyeongchang United FC,Busan Transportation Corporation,6.56,Football / Republic of Korea / Korea Republic K3/K4 Championship,4.38,1.41,10:00 am,Tue 05/05
Seosan FC,Daejeon Korail,12.64,Football / Republic of Korea / Korea Republic K3/K4 Championship,6.81,1.16,10:00 am,Tue 05/05
Dalian Yingbo B,Dalian Kewei,2.99,Football / China / China League 2,3.04,2.34,10:00 am,Tue 05/05
Gimcheon Sangmu FC,Ulsan HD FC,2.67,Football / Republic of Korea / K-League 1,3.39,2.63,10:30 am,Tue 05/05
Gangwon FC,FC Pohang Steelers,2.14,Football / Republic of Korea / K-League 1,3.18,3.74,10:30 am,Tue 05/05
Daejeon Citizen FC,Incheon United FC,2.14,Football / Republic of Korea / K-League 1,3.37,3.49,10:30 am,Tue 05/05
Shenzhen 2028 FC,Jiangxi Lushan,2.1,Football / China / China League 2,3.14,3.39,11:00 am,Tue 05/05
Changchun Xidu,Shandong Taishan B,4.4,Football / China / China League 2,3.3,1.78,11:00 am,Tue 05/05
Madura United,Bali United,2.44,Football / Indonesia / Liga 1,3.45,2.63,11:30 am,Tue 05/05
Ethiopia Nigd Bank,Saint George SC,2.94,Football / Ethiopia / Premier League,2.61,2.52,1:00 pm,Tue 05/05
FC Seoul,FC Anyang,1.76,Football / Republic of Korea / K-League 1,3.64,4.83,1:00 pm,Tue 05/05
Club Guaraní Reserves,Club Nacional Asuncion Reserves,2.47,Football / Paraguay / Paraguay Reserve League,3.3,2.62,1:30 pm,Tue 05/05
Qingdao West Coast FC,Tianjin Jinmen Tiger,2.33,Football / China / Chinese Super League,3.33,3.13,2:00 pm,Tue 05/05
Wenzhou Professional FC,Guangzhou Dandelion Alpha FC,2.74,Football / China / China League 2,2.94,2.59,2:30 pm,Tue 05/05
Tanjong Pagar United,Hougang United FC,8.22,Football / Singapore / Premier League,6.12,1.24,2:30 pm,Tue 05/05
Ganzhou Ruishi FC,Guizhou Guiyang Athletic,3.69,Football / China / China League 2,3.29,1.94,2:30 pm,Tue 05/05
Shandong Taishan FC,Shanghai Shenhua FC,2.85,Football / China / Chinese Super League,3.79,2.3,2:35 pm,Tue 05/05
Liaoning Tieren FC,Chengdu Rongcheng,5.86,Football / China / Chinese Super League,4.51,1.52,2:35 pm,Tue 05/05
Borneo Samarinda,Persita Tangerang,1.45,Football / Indonesia / Liga 1,4.51,5.95,3:00 pm,Tue 05/05
Respublika Football Academy,Lochin,2.11,Football / Uzbekistan / Pro Liga,3.35,3.05,3:00 pm,Tue 05/05
Chongqing Tonglianglong FC,Henan,2.81,Football / China / Chinese Super League,3.22,2.61,3:00 pm,Tue 05/05
Shahdag Qusar FK,Energetik Mingechevir,3.96,Football / Azerbaijan / First Division,3.58,1.76,3:00 pm,Tue 05/05
Dire Dawa Kenema,Ethiopian Coffee SC,3.43,Football / Ethiopia / Premier League,2.65,2.22,3:00 pm,Tue 05/05
PFC Shurtan,FC Pakhtakor Tashkent II,1.76,Football / Uzbekistan / Pro Liga,3.65,3.85,3:00 pm,Tue 05/05
FK Karvan Yevlakh,Neftchi Baku PFC,8.69,Football / Azerbaijan / Premier League,5.21,1.29,3:00 pm,Tue 05/05
FC Jayxun,PFK Metallurg Bekabad,4.1,Football / Uzbekistan / Pro Liga,3.75,1.7,3:00 pm,Tue 05/05
Mekelle 70 Enderta FC,Arba Minch Ketema,2.43,Football / Ethiopia / Premier League,2.61,3.08,4:00 pm,Tue 05/05
Gokulam Kerala FC,Aizawl FC,1.74,Football / India / I-League,3.75,4.03,4:00 pm,Tue 05/05
Mumbai City,SC East Bengal,2.75,Football / India / Indian Super League,3.32,2.41,5:00 pm,Tue 05/05
Ajman Club,Al Jazira (UAE),4.43,Football / United Arab Emirates / Arabian Gulf League,3.95,1.66,5:05 pm,Tue 05/05
Karvina U19,1. FC Slovacko U19,1.77,Football / Czech Republic / U19 1st Division,4.08,3.59,5:15 pm,Tue 05/05
Al Gharafa SC,AL Wakrah SC,2.86,Football / Qatar / Emir Cup,3.29,2.29,5:15 pm,Tue 05/05
Duhok FC,AL Naft Maysan,1.84,Football / Iraq / Iraqi League,3.29,4.1,5:30 pm,Tue 05/05
FC Bihor Oradea,AFC Chindia Targoviste,1.68,Football / Romania / Liga 2,3.49,4.59,5:30 pm,Tue 05/05
PFK Beroe Stara Zagora,PFC Montana 1921,1.9,Football / Bulgaria / Parva Liga,3.21,4.13,5:30 pm,Tue 05/05
Newroz SC,Al Shorta SC,4.39,Football / Iraq / Iraqi League,3.62,1.71,5:30 pm,Tue 05/05
Shire Endaselassie FC,Ethio Electric,3.91,Football / Ethiopia / Premier League,2.56,2.11,6:00 pm,Tue 05/05
Ikorodu City,Wikki Tourists FC,1.41,Football / Nigeria / NPFL,4.03,6.09,6:00 pm,Tue 05/05
Oman Club,Samail SC,1.93,Football / Oman / Omani League,3.28,3.76,6:10 pm,Tue 05/05
Azam FC,Namungo FC,1.24,Football / Tanzania / Premier League,4.81,9.62,6:30 pm,Tue 05/05
FK Kauno Zalgiris,Dziugas,1.41,Football / Lithuania / A Lyga,4.37,7.05,6:45 pm,Tue 05/05
Tallinna FC Flora,JK Narva Trans,1.18,Football / Estonia / Cup,6.47,11.41,7:00 pm,Tue 05/05
Hapoel Kfar Saba FC,Bnei Yehuda Tel Aviv FC,2.81,Football / Israel / National League,3.49,2.23,7:00 pm,Tue 05/05
Tampereen Ilves 2,Abo IFK Turku,2.51,Football / Finland / Kakkonen Playoffs,4.03,2.26,7:00 pm,Tue 05/05
Hapoel Ramat Gan Givatayim FC,Maccabi Petah Tikva FC,3.61,Football / Israel / National League,3.66,1.85,7:00 pm,Tue 05/05
Maccabi Herzliya,Hapoel Kfar Shalem FC,2.37,Football / Israel / National League,3.58,2.57,7:00 pm,Tue 05/05
MFK Skalica,FK Kosice,2.51,Football / Slovakia / Superliga,3.53,2.51,7:00 pm,Tue 05/05
FC Kafr Qasim,Hapoel Acre FC,2.57,Football / Israel / National League,3.2,2.57,7:00 pm,Tue 05/05
IF Gnistan,FC Inter Turku,4.44,Football / Finland / Veikkausliiga,3.76,1.7,7:00 pm,Tue 05/05
MSK Zilina,MFK Zemplin Michalovce,1.4,Football / Slovakia / Superliga,4.8,6.33,7:00 pm,Tue 05/05
Hapoel Rishon Lezion FC,MS Football Hapoel Kiryat Yam,2.13,Football / Israel / National League,3.4,3.06,7:00 pm,Tue 05/05
Hapoel Hadera FC,Ironi Modiin,2.57,Football / Israel / National League,3.2,2.57,7:00 pm,Tue 05/05
Sitra Club,Al-Ahli SC Manama,2.71,Football / Bahrain / Premier League,3.19,2.52,7:00 pm,Tue 05/05
Al Riffa,Al-Shabab,1.26,Football / Bahrain / Premier League,5.2,10.59,7:00 pm,Tue 05/05
Maccabi Tel Aviv FC,Hapoel Petah Tikva FC,1.37,Football / Israel / Premier League,5.0,6.74,7:30 pm,Tue 05/05
Baniyas Club,Al Dhafra SSC,1.84,Football / United Arab Emirates / Arabian Gulf League,3.61,3.85,7:45 pm,Tue 05/05
Dibba Al Fujairah,AL Bataeh (UAE),3.85,Football / United Arab Emirates / Arabian Gulf League,3.42,1.9,7:45 pm,Tue 05/05
Ittihad Kalba FC,Khor Fakkan Club,2.29,Football / United Arab Emirates / Arabian Gulf League,3.57,2.75,7:45 pm,Tue 05/05
RKC Waalwijk,Willem II Tilburg,2.49,Football / Netherlands / Eredivisie,3.82,2.65,7:45 pm,Tue 05/05
Falkenbergs FF,IFK Norrkoping FK,2.49,Football / Sweden / Superettan,3.5,2.54,8:00 pm,Tue 05/05
Smouha SC,Zamalek SC,6.35,Football / Egypt / Premier League,3.56,4.96,8:00 pm,Tue 05/05
AL Naft,AL Karma,3.19,Football / Iraq / Iraqi League,3.1,2.2,8:00 pm,Tue 05/05
AL Talaba,Al Zawraa,2.68,Football / Iraq / Iraqi League,2.97,2.63,8:00 pm,Tue 05/05
AL Ahly SC (EGY),Enppi Club,1.34,Football / Egypt / Premier League,4.62,8.66,8:00 pm,Tue 05/05
FC Lokomotiv 1929 Sofia,POFC Botev Vratsa,2.01,Football / Bulgaria / Parva Liga,3.32,3.56,8:00 pm,Tue 05/05
Al Sadd SC,Al Duhail SC,1.89,Football / Qatar / Emir Cup,3.83,3.35,8:00 pm,Tue 05/05
FK Riteriai,FK Banga Gargzdai,6.56,Football / Lithuania / A Lyga,3.99,1.48,8:00 pm,Tue 05/05
AGF Aarhus Women,Kolding IF Women,1.6,"Football / Denmark / Kvindeligaen, Women",3.88,4.84,8:00 pm,Tue 05/05
Ceramica Cleopatra,Pyramids FC,4.81,Football / Egypt / Premier League,3.47,4.14,8:00 pm,Tue 05/05
Siwelele FC,Durban City,2.23,Football / South Africa / Premier Soccer League,2.94,3.43,8:30 pm,Tue 05/05
Wiener Sport-Club,SC/ESV Parndorf 1919,3.2,Football / Austria / Regionalliga East,3.65,1.94,8:30 pm,Tue 05/05
Besiktas Istanbul,Konyaspor,1.35,Football / Turkey / Turkiye Kupasi,4.96,6.67,8:30 pm,Tue 05/05
Stellenbosch FC,Orlando Pirates FC,6.93,Football / South Africa / Premier Soccer League,3.71,1.5,8:30 pm,Tue 05/05
Magesi FC,Orbit College FC,1.93,Football / South Africa / Premier Soccer League,2.98,4.42,8:30 pm,Tue 05/05
Instituto AC Cordoba Reserves,Gimnasia de Mendoza Reserve,2.09,"Football / Argentina / Liga Profesional, Reserves",3.16,3.4,9:00 pm,Tue 05/05
At Rafaela Reserve,CA Huracan,3.71,"Football / Argentina / Liga Profesional, Reserves",3.12,2.0,9:00 pm,Tue 05/05
Red Bull Bragantino SP U20,Fortaleza EC CE U20,1.53,Football / Brazil / U20 Campeonato Brasileiro,3.97,5.11,9:00 pm,Tue 05/05
Afturelding/Hviti/Alaf U19,Grotta/Kria U19,3.4,Football / Iceland / Iceland League U19,5.09,1.67,9:00 pm,Tue 05/05
CA Platense,Estudiantes de Rio Cuarto Reserve,1.83,"Football / Argentina / Liga Profesional, Reserves",3.22,4.29,9:00 pm,Tue 05/05
CA Quilmes Reserve,Defensa Y Justicia Reserve,2.28,"Football / Argentina / Liga Profesional, Reserves",3.1,3.05,9:00 pm,Tue 05/05
Al-Khaleej Club,Al Hilal SFC,9.91,Football / Saudi Arabia / Saudi Prof. League,6.74,8.32,9:00 pm,Tue 05/05
Independiente Reserve,Ferro Carril Oeste,1.5,"Football / Argentina / Liga Profesional, Reserves",3.78,6.29,9:00 pm,Tue 05/05
Defensor Sporting Reserves,Cerro Largo FC Reserves,1.73,Football / Uruguay / Uruguay Primera División Reserves,3.8,4.0,9:30 pm,Tue 05/05
CA Boston River Reserves,Club Atletico Penarol Reserves,3.6,Football / Uruguay / Uruguay Primera División Reserves,3.5,1.9,9:30 pm,Tue 05/05
FC Fiorentino,SP La Fiorita,6.8,Football / San Marino / Campionato Sammarinese,4.5,1.38,9:45 pm,Tue 05/05
Queen of the South FC,Stenhousemuir FC,2.6,Football / Scotland / Championship,3.4,2.65,9:45 pm,Tue 05/05
Forfar Athletic FC,Hamilton Academical FC,5.03,Football / Scotland / League 1,3.77,1.62,9:45 pm,Tue 05/05
Alloa Athletic FC,Airdrieonians FC,3.1,Football / Scotland / Championship,3.4,2.25,9:45 pm,Tue 05/05
Dunfermline Athletic FC,Arbroath FC,2.23,Football / Scotland / Premiership,3.43,3.13,9:45 pm,Tue 05/05
SS Folgore Falciano Calcio,FC Domagnano,1.56,Football / San Marino / Campionato Sammarinese,4.1,4.7,9:45 pm,Tue 05/05
Clyde FC,Spartans FC,2.46,Football / Scotland / League 1,3.28,2.71,9:45 pm,Tue 05/05
Arsenal FC,Atletico Madrid,1.6,Football / International / UEFA Champions League,4.06,5.64,10:00 pm,Tue 05/05
Fram Women,Throttur Reykjavik Women,4.28,"Football / Iceland / Besta deild, Women",4.09,1.63,10:15 pm,Tue 05/05
Throttur/SR U19,Breidablik/Augn/Smari U19,6.28,Football / Iceland / Iceland League U19,5.55,1.33,11:00 pm,Tue 05/05
Sporting Cristal,SE Palmeiras SP,5.17,Football / International / Copa Libertadores,3.75,1.69,1:00 am,Wed 06/05
Independiente Petrolero,Caracas FC,2.25,Football / International / Copa Sudamericana,3.28,3.04,1:00 am,Wed 06/05
CA Juventud de Las Piedras,Atletico Mineiro MG,3.32,Football / International / Copa Sudamericana,3.27,2.12,1:00 am,Wed 06/05
Deportivo Riestra AFBC,Gremio FB Porto Alegrense RS,2.75,Football / International / Copa Sudamericana,2.75,2.84,1:00 am,Wed 06/05
CA Rosario Central,Libertad Asuncion,1.29,Football / International / Copa Libertadores,5.47,10.83,1:00 am,Wed 06/05
CA River Plate (Arg),Racing Club Avellaneda,1.57,"Football / Argentina / Liga Profesional, Reserves",3.88,5.09,1:00 am,Wed 06/05
Barcelona SC,Boca Juniors,3.85,Football / International / Copa Libertadores,3.17,2.11,3:00 am,Wed 06/05
UCV FC,CSD Independiente del Valle,4.35,Football / International / Copa Libertadores,3.66,1.83,3:00 am,Wed 06/05
Academia Puerto Cabello,CS Cienciano,1.95,Football / International / Copa Sudamericana,3.32,3.75,3:30 am,Wed 06/05
Always Ready,CA Lanus,1.76,Football / International / Copa Libertadores,3.78,4.6,3:30 am,Wed 06/05
Recoleta FC,Santos FC SP,6.55,Football / International / Copa Sudamericana,3.95,1.48,3:30 am,Wed 06/05
Alianza FC Panama,CA Independiente de La Chorrera,2.27,"Football / Panama / Liga Panamena de Futbol, Clausura",3.01,3.15,4:00 am,Wed 06/05
Tigres UANL,Nashville SC,1.66,Football / International / CONCACAF Champions League,3.85,4.62,4:30 am,Wed 06/05
CD Cuenca,CA San Lorenzo de Almagro,2.52,Football / International / Copa Sudamericana,3.05,2.81,5:00 am,Wed 06/05
Shimizu S-Pulse,Cerezo Osaka,2.53,Football / Japan / J.League,3.47,2.73,7:00 am,Wed 06/05
V-Varen Nagasaki,Fagiano Okayama,2.58,Football / Japan / J.League,3.23,2.83,7:00 am,Wed 06/05
Nagoya Grampus,Gamba Osaka,2.46,Football / Japan / J.League,3.47,2.82,8:00 am,Wed 06/05
Avispa Fukuoka,Kyoto Sanga FC,3.07,Football / Japan / J.League,3.16,2.45,8:00 am,Wed 06/05
FC Tokyo,JEF United Chiba,1.5,Football / Japan / J.League,4.36,6.54,9:00 am,Wed 06/05
Sanfrecce Hiroshima,Vissel Kobe,2.08,Football / Japan / J.League,3.42,3.62,9:00 am,Wed 06/05
Kashima Antlers,Mito Hollyhock,1.66,Football / Japan / J.League,3.85,5.33,10:00 am,Wed 06/05
Machida Zelvia,Yokohama F Marinos,1.78,Football / Japan / J.League,3.66,4.65,10:00 am,Wed 06/05
Kawasaki Frontale,Tokyo Verdy,2.06,Football / Japan / J.League,3.47,3.62,11:00 am,Wed 06/05
Kashiwa Reysol,Urawa Red Diamonds,2.13,Football / Japan / J.League,3.53,3.38,1:00 pm,Wed 06/05
Wuhan Three Towns FC,Qingdao Hainiu FC,2.09,Football / China / Chinese Super League,3.63,3.38,2:00 pm,Wed 06/05
Shanghai Port FC,Shenzhen Peng City,1.58,Football / China / Chinese Super League,4.4,5.29,2:35 pm,Wed 06/05
Beijing Guoan,Dalian Yingbo FC,1.7,Football / China / Chinese Super League,4.21,4.46,2:35 pm,Wed 06/05
Simal,Moik Baku,4.72,Football / Azerbaijan / First Division,4.06,1.56,3:00 pm,Wed 06/05
Zaqatala FK,Sabail FK,5.27,Football / Azerbaijan / First Division,3.86,1.54,3:00 pm,Wed 06/05
Yunnan Yukun,Zhejiang FC,2.16,Football / China / Chinese Super League,3.92,3.0,3:00 pm,Wed 06/05
Johor Darul Ta'zim,Buriram United,1.62,Football / International / ASEAN Club Championship,3.65,4.8,3:00 pm,Wed 06/05
Selangor FC,Nam Dinh FC,2.21,Football / International / ASEAN Club Championship,3.35,2.85,4:00 pm,Wed 06/05
Punjab FC,Chennaiyin FC,1.5,Football / India / Indian Super League,4.14,5.78,5:00 pm,Wed 06/05
PFC Slavia Sofia,FK Septemvri Sofia,2.41,Football / Bulgaria / Parva Liga,3.32,2.75,5:30 pm,Wed 06/05
ND Beltinci,NK Bistrica Slovenska Bistrica,1.63,Football / Slovenia / 2. Liga,3.77,4.52,6:00 pm,Wed 06/05
Nd Dravinja,Ilirija Ljubljana,2.27,Football / Slovenia / 2. Liga,3.4,2.74,6:00 pm,Wed 06/05
FS Jelgava,SK Super Nova,2.2,Football / Latvia / Virsliga,3.33,3.08,6:00 pm,Wed 06/05
FC Banik Ostrava B,FC Zbrojovka Brno,3.72,Football / Czech Republic / FNL,3.53,1.86,6:00 pm,Wed 06/05
SK Hanacka Slavia Kromeriz,SK Slavia Prague B,2.37,Football / Czech Republic / FNL,3.34,2.72,6:00 pm,Wed 06/05
SK Dynamo Ceske Budejovice,FC Vysocina Jihlava,2.28,Football / Czech Republic / FNL,3.3,2.87,6:00 pm,Wed 06/05
Sparta Prague B,1.SK Prostejov,1.99,Football / Czech Republic / FNL,3.43,3.38,6:00 pm,Wed 06/05
NK Bilje,Nafta 1903 Lendava,5.86,Football / Slovenia / 2. Liga,4.06,1.46,6:00 pm,Wed 06/05
Krka Novo Mesto,ND Gorica,2.55,Football / Slovenia / 2. Liga,3.25,2.5,6:30 pm,Wed 06/05
FC Corvinul Hunedoara 1921,SC FC Voluntari,1.93,Football / Romania / Liga 2,3.25,3.65,6:30 pm,Wed 06/05
FC Hegelmann Kaunas,FK Panevezys,2.23,Football / Lithuania / A Lyga,3.29,3.05,6:30 pm,Wed 06/05
NK Brinje Grosuplje,Tabor Sezana,1.87,Football / Slovenia / 2. Liga,3.49,3.59,7:00 pm,Wed 06/05
SK Artis Brno,FK Pribram,1.58,Football / Czech Republic / FNL,3.91,4.95,7:00 pm,Wed 06/05
Triglav Kranj,NK Dekani,1.29,Football / Slovenia / 2. Liga,5.1,7.94,7:00 pm,Wed 06/05
FC Silon Taborsko,MFK Chrudim,1.51,Football / Czech Republic / FNL,4.02,5.55,7:00 pm,Wed 06/05
FC Vlasim,FK Viktoria Zizkov,2.18,Football / Czech Republic / FNL,3.34,3.01,7:00 pm,Wed 06/05
Pafos FC,AC Omonia Nicosia,1.66,Football / Cyprus / 1st Division,3.95,4.43,7:00 pm,Wed 06/05
Egersunds IK,Raufoss IL,1.47,Football / Norway / 1st Division,4.52,5.58,7:00 pm,Wed 06/05
AEK Larnaca,Apollon Limassol,2.05,Football / Cyprus / 1st Division,3.09,3.71,7:00 pm,Wed 06/05
FK Usti nad Labem,SFC Opava,2.43,Football / Czech Republic / FNL,3.44,2.58,7:00 pm,Wed 06/05
Aris Limassol FC,APOEL Nikosia,2.61,Football / Cyprus / 1st Division,3.43,2.47,7:00 pm,Wed 06/05
Bayern Munich Women,TSG Hoffenheim Women,1.32,Football / Germany / Women Bundesliga,5.33,6.85,7:00 pm,Wed 06/05
Hapoel Tel Aviv FC,Beitar Jerusalem FC,2.98,Football / Israel / Premier League,3.51,2.17,7:30 pm,Wed 06/05
Hacken Gothenburg Women,Djurgardens IF DFF Women,1.2,Football / Sweden / Damallsvenskan,6.31,10.52,7:30 pm,Wed 06/05
Vilnius FK Zalgiris,FA Siauliai,1.34,Football / Lithuania / A Lyga,4.86,7.78,7:30 pm,Wed 06/05
Almere City FC,De Graafschap,2.08,Football / Netherlands / Eredivisie,4.16,3.14,7:45 pm,Wed 06/05
Maccabi Haifa FC,Hapoel Be`er Sheva FC,4.14,Football / Israel / Premier League,4.04,1.69,8:00 pm,Wed 06/05
FK Spartak 1918 Varna,PFC Dobrudzha Dobrich,3.13,Football / Bulgaria / Parva Liga,3.13,2.26,8:00 pm,Wed 06/05
FK Spartak Moscow,CSKA Moscow,1.73,Football / Russian Federation / Russian Cup,3.64,4.21,8:00 pm,Wed 06/05
FK Transinvest,FK Suduva Marijampole,2.7,Football / Lithuania / A Lyga,3.38,2.41,8:00 pm,Wed 06/05
Mamelodi Sundowns,Kaizer Chiefs,1.43,Football / South Africa / Premier Soccer League,3.95,7.7,8:30 pm,Wed 06/05
Richards Bay FC,Polokwane City,2.32,Football / South Africa / Premier Soccer League,2.88,3.32,8:30 pm,Wed 06/05
Marumo Gallants FC,TS Galaxy FC,2.55,Football / South Africa / Premier Soccer League,3.03,2.79,8:30 pm,Wed 06/05
AmaZulu FC,Lamontville Golden Arrows,1.99,Football / South Africa / Premier Soccer League,3.18,3.81,8:30 pm,Wed 06/05
Casertana FC,FC Crotone,2.52,"Football / Italy / Serie C, Promotion Playoffs",3.14,2.67,9:00 pm,Wed 06/05
AS Cittadella,AC Lumezzane,1.89,"Football / Italy / Serie C, Promotion Playoffs",3.54,3.58,9:00 pm,Wed 06/05
Juventus Next Gen U23,US Pianese,2.19,"Football / Italy / Serie C, Promotion Playoffs",3.21,3.11,9:00 pm,Wed 06/05
Campobasso FC,ASD Pineto Calcio,2.09,"Football / Italy / Serie C, Promotion Playoffs",3.25,3.29,9:00 pm,Wed 06/05
Al Ahli Saudi FC,Al-Fateh SC,1.28,Football / Saudi Arabia / Saudi Prof. League,6.16,9.34,9:00 pm,Wed 06/05
Cosenza Calcio,S.S.D. Casarano Calcio,1.78,"Football / Italy / Serie C, Promotion Playoffs",3.58,4.01,9:00 pm,Wed 06/05
Calcio Lecco 1912,AS Giana Erminio,2.01,"Football / Italy / Serie C, Promotion Playoffs",3.3,3.45,9:45 pm,Wed 06/05
Brighton and Hove Albion WFC Women,Arsenal WFC Women,7.32,Football / England / The FA Women's Super League,5.39,1.32,9:45 pm,Wed 06/05
Dungannon Swifts,Carrick Rangers,2.86,Football / Northern Ireland / Premiership,3.71,2.12,9:45 pm,Wed 06/05
Bayern Munich,Paris Saint-Germain,1.67,Football / International / UEFA Champions League,5.06,3.93,10:00 pm,Wed 06/05
Audax Italiano,CR Vasco da Gama RJ,2.85,Football / International / Copa Sudamericana,3.18,2.41,1:00 am,Thu 07/05
Montevideo City Torque,CD Palestino,1.81,Football / International / Copa Sudamericana,3.51,4.13,1:00 am,Thu 07/05
Cusco FC,Estudiantes de La Plata,3.04,Football / International / Copa Libertadores,3.25,2.42,1:00 am,Thu 07/05
Deportivo La Guaira,Club Bolivar,2.86,Football / International / Copa Libertadores,3.35,2.49,1:00 am,Thu 07/05
CSD Macara,CA Tigre,2.74,Football / International / Copa Sudamericana,2.98,2.64,3:00 am,Thu 07/05
CA Barracas Central,Club Olimpia,2.68,Football / International / Copa Sudamericana,2.88,2.78,3:00 am,Thu 07/05
Botafogo FR RJ,Racing Club Avellaneda,2.16,Football / International / Copa Sudamericana,3.27,3.22,3:30 am,Thu 07/05
Independiente Santa Fe,SC Corinthians SP,2.72,Football / International / Copa Libertadores,3.22,2.68,3:30 am,Thu 07/05
Independiente Rivadavia,Fluminense FC RJ,2.55,Football / International / Copa Libertadores,3.19,2.9,3:30 am,Thu 07/05
New Mexico United,El Paso Locomotive FC,2.25,Football / USA / USL Championship,3.52,2.85,4:00 am,Thu 07/05
Deportivo Toluca FC,Los Angeles FC,1.49,Football / International / CONCACAF Champions League,4.33,5.58,4:30 am,Thu 07/05
CD Universidad Catolica,Cruzeiro EC MG,2.96,Football / International / Copa Libertadores,3.31,2.44,5:00 am,Thu 07/05
Alianza Atletico,America de Cali,3.13,Football / International / Copa Sudamericana,3.13,2.26,5:00 am,Thu 07/05
CD Tolima,Club Nacional de Football,2.15,Football / International / Copa Libertadores,3.21,3.64,5:00 am,Thu 07/05
Utah Royals FC Women,Houston Dash Women,2.07,Football / USA / National Womens Soccer League,3.34,3.25,5:00 am,Thu 07/05
Cabrayil,Baku Sporting,4.72,Football / Azerbaijan / First Division,3.78,1.6,3:00 pm,Thu 07/05
Talaea El Gaish,Ghazl El Mahallah,2.4,Football / Egypt / Premier League,2.5,3.8,5:00 pm,Thu 07/05
FK Tukums 2000/TSS,Ogre United,1.9,Football / Latvia / Virsliga,3.56,3.65,6:00 pm,Thu 07/05
Nd Slovan,NK Jesenice,1.66,Football / Slovenia / 2. Liga,3.78,4.26,6:30 pm,Thu 07/05
LKS Lodz,Pogon Grodzisk Mazowiecki,1.79,Football / Poland / I Liga,3.71,3.95,7:00 pm,Thu 07/05
PK-35 Helsinki,Mikkelin Palloilijat,1.73,Football / Finland / Ykkosliiga,3.61,4.43,7:00 pm,Thu 07/05
FC Dinamo Tbilisi,FC Spaeri,1.68,Football / Georgia / Erovnuli Liga,3.55,4.45,7:00 pm,Thu 07/05
Csa Steaua Bucuresti,ACS Sepsi OSK Sfantu Gheorghe,3.45,Football / Romania / Liga 2,3.2,2.01,7:00 pm,Thu 07/05
Bodrum FK,Pendikspor,2.16,Football / Turkey / 1. Lig,3.37,3.13,8:00 pm,Thu 07/05
Haras El Hodood,Zed FC,1.88,Football / Egypt / Premier League,3.07,4.51,8:00 pm,Thu 07/05
National Bank of Egypt SC,Ismaily SC,1.69,Football / Egypt / Premier League,3.38,5.21,8:00 pm,Thu 07/05
Corum FK,Ankara Keciorengucu,1.63,Football / Turkey / 1. Lig,3.85,4.81,8:00 pm,Thu 07/05
FK Auda Riga,Grobinas SC/LFS,1.56,Football / Latvia / Virsliga,4.03,5.18,8:00 pm,Thu 07/05
FK Krasnodar,FK Dinamo Moscow,1.96,Football / Russian Federation / Russian Cup,3.43,3.48,8:30 pm,Thu 07/05
Al-Shabab FC (SA),Al Nassr Club,6.56,Football / Saudi Arabia / Saudi Prof. League,5.17,1.42,9:00 pm,Thu 07/05
Aston Villa,Nottingham Forest,1.83,Football / International / UEFA Europa League,3.73,4.42,10:00 pm,Thu 07/05
Crystal Palace,FC Shakhtar Donetsk,1.55,Football / International / UEFA Conference League,4.4,6.03,10:00 pm,Thu 07/05
Strasbourg Alsace,Rayo Vallecano,1.98,Football / International / UEFA Conference League,3.63,3.86,10:00 pm,Thu 07/05
SC Freiburg,SC Braga,1.84,Football / International / UEFA Europa League,3.63,4.52,10:00 pm,Thu 07/05
CA Platense,CA Penarol Montevideo,2.25,Football / International / Copa Libertadores,3.13,3.5,1:00 am,Fri 08/05
Mirassol FC SP,LDU Quito,1.58,Football / International / Copa Libertadores,4.0,6.03,1:00 am,Fri 08/05
CD O´Higgins,Sao Paulo FC SP,2.9,Football / International / Copa Sudamericana,3.19,2.38,1:00 am,Fri 08/05
CA Boston River,Millonarios FC,4.33,Football / International / Copa Sudamericana,3.41,1.8,1:00 am,Fri 08/05
Coquimbo Unido,Universitario de Deportes,2.23,Football / International / Copa Libertadores,3.14,3.52,3:00 am,Fri 08/05
Birmingham Legion FC,Miami FC,1.88,Football / USA / USL Championship,3.67,3.62,3:00 am,Fri 08/05
Carabobo FC,CA River Plate (ARG),3.96,Football / International / Copa Sudamericana,3.28,1.91,3:30 am,Fri 08/05
Blooming Santa Cruz,Red Bull Bragantino SP,3.85,Football / International / Copa Sudamericana,3.61,1.84,3:30 am,Fri 08/05
Independiente Medellin,CR Flamengo RJ,3.75,Football / International / Copa Libertadores,3.3,2.08,3:30 am,Fri 08/05
CD Junior FC,Cerro Porteno,2.06,Football / International / Copa Libertadores,3.32,3.8,5:00 am,Fri 08/05
Semen Padang FC,Persik Kediri,2.84,Football / Indonesia / Liga 1,3.46,2.28,11:30 am,Fri 08/05
FC Kryvbas Kriviy Rih,Karpaty Lviv,2.59,Football / Ukraine / Premier League,3.5,2.45,1:00 pm,Fri 08/05
Sporting Club Delhi,Odisha FC,1.81,Football / India / Indian Super League,3.56,4.05,2:30 pm,Fri 08/05
Kolos Kovalivka,FK Kudrivka,1.69,Football / Ukraine / Premier League,3.46,5.0,3:30 pm,Fri 08/05
Hapoel Acre FC,Hapoel Ra`anana FC,2.28,Football / Israel / National League,3.3,2.87,4:00 pm,Fri 08/05
Hapoel Hadera FC,Hapoel Afula FC,2.23,Football / Israel / National League,3.3,2.96,4:00 pm,Fri 08/05
Al Mokawloon Al Arab,El Gouna FC,2.12,Football / Egypt / Premier League,2.83,3.93,5:00 pm,Fri 08/05
Petrojet FC,Wadi Degla SC,2.99,Football / Egypt / Premier League,2.71,2.66,5:00 pm,Fri 08/05
BFC Daugavpils,Riga FC,9.25,Football / Latvia / Virsliga,5.39,1.27,5:30 pm,Fri 08/05
PFC Lokomotiv Plovdiv,FC Arda Kardzhali,2.99,Football / Bulgaria / Parva Liga,3.13,2.35,5:30 pm,Fri 08/05
FC Uta Arad,AFK Csikszereda Miercurea Ciuc,1.85,Football / Romania / Liga I,3.48,3.96,6:00 pm,Fri 08/05
FC Polissya Zhytomyr,FC Oleksandriya,1.17,Football / Ukraine / Premier League,6.36,15.41,6:00 pm,Fri 08/05
LKS Lodz II,OKS Swit Szczecin,2.53,Football / Poland / II Liga,3.43,2.48,6:00 pm,Fri 08/05
Tampereen Ilves,AC Oulu,2.41,Football / Finland / Veikkausliiga,3.57,2.6,6:00 pm,Fri 08/05
Turun Palloseura,HJK Helsinki,4.51,Football / Finland / Veikkausliiga,4.03,1.64,6:00 pm,Fri 08/05
Be1 Nfa,FA Siauliai B,1.29,Football / Lithuania / 1 Lyga,4.82,7.28,6:30 pm,Fri 08/05
Vilnius FK Zalgiris B,FK Tauras Taurage,4.62,Football / Lithuania / 1 Lyga,4.03,1.52,6:30 pm,Fri 08/05
FC Haka Valkeakoski,Ekenas Idrottsforening,1.74,Football / Finland / Ykkosliiga,3.95,3.95,6:30 pm,Fri 08/05
RKS Rakow Czestochowa,Korona Kielce,1.78,Football / Poland / Ekstraklasa,3.92,4.32,7:00 pm,Fri 08/05
FK Vojvodina Novi Sad,FK Cukaricki Belgrade,1.75,Football / Serbia / Superliga,3.62,4.34,7:00 pm,Fri 08/05
Kapfenberger SV,SKN St Polten,5.03,Football / Austria / 2. Liga,4.06,1.58,7:00 pm,Fri 08/05
Schwarz-Weiss Bregenz,Young Violets Wien,2.65,Football / Austria / 2. Liga,3.51,2.4,7:00 pm,Fri 08/05
SKU Amstetten,SK Austria Klagenfurt,1.75,Football / Austria / 2. Liga,3.84,4.03,7:00 pm,Fri 08/05
FC Hertha Wels,SK Sturm Graz II,2.46,Football / Austria / 2. Liga,3.47,2.6,7:00 pm,Fri 08/05
FC Liefering,FC Admira Wacker Modling,3.22,Football / Austria / 2. Liga,3.61,2.03,7:00 pm,Fri 08/05
Thisted FC,AB Gladsaxe,4.01,Football / Denmark / 2nd Division,3.91,1.74,7:00 pm,Fri 08/05
Rapid Wien II,First Vienna FC 1894,3.7,Football / Austria / 2. Liga,3.7,1.85,7:00 pm,Fri 08/05
Austria Salzburg,Austria Lustenau,3.56,Football / Austria / 2. Liga,3.42,1.97,7:00 pm,Fri 08/05
Anorthosis Famagusta,Krasava ENY Ypsonas FC,1.95,Football / Cyprus / 1st Division,3.27,3.8,7:00 pm,Fri 08/05
FC RFS,FK Liepaja,1.43,Football / Latvia / Virsliga,4.53,6.36,7:00 pm,Fri 08/05
Tartu JK Tammeka,FC Kuressaare,2.01,Football / Estonia / Premium Liiga,3.75,3.17,7:00 pm,Fri 08/05
FK Ekranas,FK Kauno Zalgiris B,2.03,Football / Lithuania / 1 Lyga,3.43,2.99,7:00 pm,Fri 08/05
FK Jonava,FC Neptunas Klaipeda,3.25,Football / Lithuania / 1 Lyga,3.29,1.97,7:00 pm,Fri 08/05
Hobro IK,B93 Copenhagen,1.88,Football / Denmark / 1. Division,3.66,3.66,7:00 pm,Fri 08/05
1 FC Kaiserslautern,Arminia Bielefeld,2.96,Football / Germany / 2nd Bundesliga,3.71,2.21,7:30 pm,Fri 08/05
SC Paderborn 07,Karlsruher SC,1.4,Football / Germany / 2nd Bundesliga,5.36,6.35,7:30 pm,Fri 08/05
HamKam,Vaalerenga IF,2.4,Football / Norway / Eliteserien,3.61,2.73,8:00 pm,Fri 08/05
IF Elfsborg,IF Brommapojkarna,1.82,Football / Sweden / Allsvenskan,3.72,4.34,8:00 pm,Fri 08/05
Aalborg BK,Middelfart BK,1.29,Football / Denmark / 1. Division,5.37,8.25,8:00 pm,Fri 08/05
Kahrabaa Ismailia,Pharco FC,2.93,Football / Egypt / Premier League,2.83,2.59,8:00 pm,Fri 08/05
Erzgebirge Aue,MSV Duisburg,3.99,Football / Germany / 3. Liga,4.5,1.73,8:00 pm,Fri 08/05
Lindome GIF,Hestrafors IF,1.92,"Football / Sweden / Division 2, Promotion Playoffs",3.9,3.1,8:00 pm,Fri 08/05
IF Karlstad Fotbollutveckling,IFK Kumla,1.97,"Football / Sweden / Division 2, Promotion Playoffs",3.65,3.15,8:00 pm,Fri 08/05
Orebro SK,IK Brage,2.28,Football / Sweden / Superettan,3.61,2.74,8:00 pm,Fri 08/05
Ranheim,Kongsvinger IL Toppfotball,3.13,Football / Norway / 1st Division,3.7,2.04,8:00 pm,Fri 08/05
Skive IK,FC Helsingoer,2.11,Football / Denmark / 2nd Division,3.25,3.34,8:00 pm,Fri 08/05
Varbergs BoIS,IFK Varnamo,2.29,Football / Sweden / Superettan,3.43,2.85,8:00 pm,Fri 08/05
Modern Sport FC,Al Ittihad Al Sakandary,2.83,Football / Egypt / Premier League,2.59,2.93,8:00 pm,Fri 08/05
Rappe GOIF,FK Karlskrona,3.6,"Football / Sweden / Division 2, Promotion Playoffs",3.6,1.84,8:00 pm,Fri 08/05
Herrestads AIF,Stenungsunds IF,1.57,"Football / Sweden / Division 2, Promotion Playoffs",4.09,4.59,8:00 pm,Fri 08/05
IK Kongahalla,Jonsereds IF,2.26,"Football / Sweden / Division 2, Promotion Playoffs",3.75,2.55,8:00 pm,Fri 08/05
Enkopings SK,AFC Eskilstuna,2.23,"Football / Sweden / Ettan, Relegation/Promotion",3.74,2.6,8:00 pm,Fri 08/05
Galtabacks BK,Torslanda IK,2.85,"Football / Sweden / Division 2, Promotion Playoffs",3.7,2.09,8:00 pm,Fri 08/05
FC CSKA 1948,PFC CSKA Sofia,3.08,Football / Bulgaria / Parva Liga,3.13,2.3,8:00 pm,Fri 08/05
Ariana FC,Hassleholms IF,2.15,"Football / Sweden / Ettan, Relegation/Promotion",3.41,2.93,8:00 pm,Fri 08/05
Viborg FF,Soenderjyske,1.76,Football / Denmark / Superliga,4.13,4.18,8:00 pm,Fri 08/05
Kuopion Palloseura,Seinajoen JK,1.53,Football / Finland / Veikkausliiga,4.24,5.21,8:00 pm,Fri 08/05
Vanersborgs IF,Lidkopings FK,2.47,"Football / Sweden / Division 2, Promotion Playoffs",3.55,2.42,8:15 pm,Fri 08/05
Vikingur Reykjavik,Thor Akureyri,1.19,Football / Iceland / Besta deild,7.18,9.71,8:30 pm,Fri 08/05
Dalstorps IF,Landvetter IS,2.55,"Football / Sweden / Division 2, Promotion Playoffs",3.45,2.38,8:30 pm,Fri 08/05
Qviding FIF,IF Boljan Falkenberg,2.07,"Football / Sweden / Division 2, Promotion Playoffs",3.69,2.9,8:30 pm,Fri 08/05
FC CFR 1907 Cluj,CS Universitatea Craiova,2.66,Football / Romania / Liga I,2.99,2.71,9:00 pm,Fri 08/05
Jeugd Lommel SK U21,RFC Liege U21,1.04,Football / Belgium / U21 Pro League,12.4,20.99,9:00 pm,Fri 08/05
HNK Rijeka,HNK Vukovar 1991,1.32,Football / Croatia / HNL,5.01,8.1,9:00 pm,Fri 08/05
ZKS Stal Stalowa Wola,Sokol Kleczew,1.68,Football / Poland / II Liga,3.81,4.28,9:00 pm,Fri 08/05
FC Aarau,FC Stade Nyonnais,1.35,Football / Switzerland / Challenge League,5.19,6.72,9:15 pm,Fri 08/05
FC Wil 1900,Yverdon-Sport,2.94,Football / Switzerland / Challenge League,3.52,2.2,9:15 pm,Fri 08/05
FC Rapperswil-Jona,Neuchatel Xamax,2.65,Football / Switzerland / Challenge League,3.61,2.35,9:15 pm,Fri 08/05
Stade Lausanne Ouchy,AC Bellinzona,1.51,Football / Switzerland / Challenge League,4.53,5.02,9:15 pm,Fri 08/05
Etoile Carouge FC,FC Vaduz,3.81,Football / Switzerland / Challenge League,3.81,1.8,9:15 pm,Fri 08/05
AC Monza,Empoli FC,1.7,Football / Italy / Serie B,3.9,4.89,9:30 pm,Fri 08/05
FC Sudtirol Bolzano,Juve Stabia,1.76,Football / Italy / Serie B,3.65,4.79,9:30 pm,Fri 08/05
US Avellino,Modena FC,1.92,Football / Italy / Serie B,3.51,4.08,9:30 pm,Fri 08/05
Cesena FC,Calcio Padova,1.66,Football / Italy / Serie B,4.06,5.02,9:30 pm,Fri 08/05
Cadiz CF,RC Deportivo De La Coruna,3.44,Football / Spain / LaLiga 2,3.5,2.11,9:30 pm,Fri 08/05
Jeugd KV Kortrijk U21,Jeugd Patro Eisden Maasmechelen U21,1.43,Football / Belgium / U21 Pro League,4.79,5.55,9:30 pm,Fri 08/05
Borussia Dortmund,Eintracht Frankfurt,1.51,Football / Germany / Bundesliga,5.04,5.53,9:30 pm,Fri 08/05
Venezia FC,Palermo FC,1.7,Football / Italy / Serie B,4.03,4.69,9:30 pm,Fri 08/05
Reggiana 1919,Sampdoria Genoa,3.62,Football / Italy / Serie B,3.27,2.14,9:30 pm,Fri 08/05
RAAL La Louviere U21,K Beerschot VA U21,1.72,Football / Belgium / U21 Pro League,4.3,3.63,9:30 pm,Fri 08/05
Delfino Pescara,Spezia Calcio,2.16,Football / Italy / Serie B,3.7,3.17,9:30 pm,Fri 08/05
Virtus Entella,Carrarese Calcio,1.75,Football / Italy / Serie B,3.69,4.82,9:30 pm,Fri 08/05
Frosinone Calcio,Mantova 1911,1.57,Football / Italy / Serie B,4.47,5.32,9:30 pm,Fri 08/05
US Catanzaro,SSC Bari,2.52,Football / Italy / Serie B,3.2,2.93,9:30 pm,Fri 08/05
KKS Lech Poznan,MKS Arka Gdynia,1.4,Football / Poland / Ekstraklasa,5.12,7.11,9:30 pm,Fri 08/05
Dundalk FC,Bohemians Dublin FC,2.85,Football / Ireland / Premier Division,3.47,2.27,9:45 pm,Fri 08/05
Shelbourne FC,Sligo Rovers FC,1.48,Football / Ireland / Premier Division,4.13,6.15,9:45 pm,Fri 08/05
Standard Liege,Oud-Heverlee Leuven,2.32,Football / Belgium / Pro League,3.33,3.24,9:45 pm,Fri 08/05
Racing Club De Lens,FC Nantes,1.4,Football / France / Ligue 1,5.27,7.43,9:45 pm,Fri 08/05
Finn Harps FC,Kerry FC,2.43,Football / Ireland / First Division,3.1,2.81,9:45 pm,Fri 08/05
Wexford FC,Longford Town FC,1.81,Football / Ireland / First Division,3.49,4.01,9:45 pm,Fri 08/05
Galway United FC,Shamrock Rovers,3.75,Football / Ireland / Premier Division,3.32,1.95,9:45 pm,Fri 08/05
Athlone Town AFC,Treaty United,2.02,Football / Ireland / First Division,3.34,3.38,9:45 pm,Fri 08/05
Bray Wanderers AFC,Cobh Ramblers,1.94,Football / Ireland / First Division,3.53,3.44,9:45 pm,Fri 08/05
Drogheda United FC,Derry City FC,3.13,Football / Ireland / Premier Division,3.18,2.24,9:45 pm,Fri 08/05
Cork City FC,University College Dublin,1.57,Football / Ireland / First Division,3.77,5.35,9:45 pm,Fri 08/05
Torino FC,Sassuolo Calcio,2.46,Football / Italy / Serie A,3.27,3.05,9:45 pm,Fri 08/05
Wisla Krakow,Chrobry Glogow,1.35,Football / Poland / I Liga,4.73,7.73,10:00 pm,Fri 08/05
Cruzeiro EC MG Women,America FC MG Women,1.14,"Football / Brazil / Campeonato Brasileiro, Women",6.4,14.0,10:00 pm,Fri 08/05
Saint Patrick´s Athletic FC,Waterford FC,1.2,Football / Ireland / Premier Division,6.16,11.55,10:00 pm,Fri 08/05
Hull City,Millwall FC,3.07,Football / England / Championship,3.25,2.34,10:00 pm,Fri 08/05
Levante UD,CA Osasuna,2.62,Football / Spain / LaLiga,3.3,2.81,10:00 pm,Fri 08/05
IA Akranes,Keflavik IF,1.77,Football / Iceland / Besta deild,4.14,3.66,10:15 pm,Fri 08/05
Fram Reykjavik,Valur Reykjavik,2.02,Football / Iceland / Besta deild,3.97,3.0,10:15 pm,Fri 08/05
Breidablik Kopavogur,FH Hafnarfjordur,1.56,Football / Iceland / Besta deild,4.52,4.62,10:15 pm,Fri 08/05
Stjarnan Gardabae,KR Reykjavik,3.23,Football / Iceland / Besta deild,4.44,1.83,10:15 pm,Fri 08/05
UTC de Cajamarca,FC Cajamarca,1.77,Football / Peru / Primera Division,3.66,4.14,11:00 pm,Fri 08/05
Racing Louisville FC Women,Portland Thorns FC Women,3.37,Football / USA / National Womens Soccer League,3.27,2.05,1:30 am,Sat 09/05
Lexington SC,Monterey Bay FC,1.58,Football / USA / USL Championship,3.98,5.05,2:30 am,Sat 09/05
Orense SC,Leones Futbol Club,1.67,Football / Ecuador / LigaPro Primera A,3.46,5.26,3:00 am,Sat 09/05
Orlando Pride Women,North Carolina Courage Women,2.27,Football / USA / National Womens Soccer League,3.04,3.13,3:00 am,Sat 09/05
Atletico de Rafaela,Gimnasia Y Tiro de Salta,2.4,Football / Argentina / Primera Nacional,2.77,3.31,3:00 am,Sat 09/05
CA Banfield,San Martin de Tucuman,1.96,Football / Argentina / Copa Argentina,2.97,4.28,3:10 am,Sat 09/05
Colorado Springs Switchbacks FC,Orange County SC,1.64,Football / USA / USL Championship,3.8,4.87,4:00 am,Sat 09/05
Melbourne City FC Women,Melbourne Victory Women,2.03,"Football / Australia / A-League, Women",3.5,3.31,5:30 am,Sat 09/05
Chungnam Asan FC,Seoul E-Land FC,2.79,Football / Republic of Korea / K-League 2,3.28,2.34,8:00 am,Sat 09/05
Hwaseong FC,Suwon FC,3.13,Football / Republic of Korea / K-League 2,3.23,2.17,8:00 am,Sat 09/05
Auckland FC,Adelaide United FC,1.94,Football / Australia / A-League,3.85,3.63,9:00 am,Sat 09/05
Suwon Bluewings,Daegu FC,1.92,Football / Republic of Korea / K-League 2,3.51,3.51,10:30 am,Sat 09/05
Chungbuk Cheongju FC,Gimpo FC,4.14,Football / Republic of Korea / K-League 2,3.13,1.89,10:30 am,Sat 09/05
Arema FC,PSM Makassar,2.27,Football / Indonesia / Liga 1,3.36,2.92,11:30 am,Sat 09/05
Sydney FC,Newcastle United Jets,2.33,Football / Australia / A-League,3.72,2.84,12:40 pm,Sat 09/05
FC Rukh Lviv,Veres Rivne,3.08,Football / Ukraine / Premier League,3.17,2.27,1:00 pm,Sat 09/05
FC Gute,Taby FK,2.8,"Football / Sweden / Division 2, Promotion Playoffs",3.6,2.15,1:30 pm,Sat 09/05
PFC Montana 1921,FC Lokomotiv 1929 Sofia,3.98,Football / Bulgaria / Parva Liga,3.25,1.92,1:45 pm,Sat 09/05
Ostersunds FK,Falkenbergs FF,2.26,Football / Sweden / Superettan,3.34,2.96,2:00 pm,Sat 09/05
IK Franke,Falu BS FK,3.45,"Football / Sweden / Division 2, Promotion Playoffs",3.65,1.86,2:00 pm,Sat 09/05
Lilla Torg FF,Vaxjo Norra,3.7,"Football / Sweden / Division 2, Promotion Playoffs",3.75,1.77,2:00 pm,Sat 09/05
VfL Bochum,Hannover 96,2.96,Football / Germany / 2nd Bundesliga,3.94,2.14,2:00 pm,Sat 09/05
Hvidovre IF,Lyngby BK,2.83,Football / Denmark / 1. Division,3.36,2.33,2:00 pm,Sat 09/05
Eintracht Braunschweig,Dynamo Dresden,2.56,Football / Germany / 2nd Bundesliga,3.43,2.64,2:00 pm,Sat 09/05
Vastra Frolunda IF,BK Astrio,1.72,"Football / Sweden / Division 2, Promotion Playoffs",3.95,3.75,2:00 pm,Sat 09/05
BK Olympic,Kristianstad FC,1.93,"Football / Sweden / Ettan, Relegation/Promotion",3.71,3.19,2:00 pm,Sat 09/05
Enskede IK,Sunnersta AIF,1.99,"Football / Sweden / Division 2, Promotion Playoffs",3.75,3.0,2:00 pm,Sat 09/05
Holstein Kiel,1. FC Magdeburg,2.93,Football / Germany / 2nd Bundesliga,3.99,2.14,2:00 pm,Sat 09/05
FC Arlanda,Sollentuna FK,1.65,"Football / Sweden / Ettan, Relegation/Promotion",3.99,4.09,2:00 pm,Sat 09/05
Nordic United FC,Osters IF,2.93,Football / Sweden / Superettan,3.51,2.2,2:00 pm,Sat 09/05
Umea FC,Gefle IF,1.96,"Football / Sweden / Ettan, Relegation/Promotion",3.63,3.2,2:00 pm,Sat 09/05
IK Oddevold,Landskrona BoIS,2.11,Football / Sweden / Superettan,3.4,3.21,2:00 pm,Sat 09/05
Karlslunds IF HFK,Lindo FF,3.0,"Football / Sweden / Division 2, Promotion Playoffs",3.65,2.03,2:00 pm,Sat 09/05
FK Minija 2017,Dfk Dainava Alytus,1.71,Football / Lithuania / 1 Lyga,3.54,3.94,2:00 pm,Sat 09/05
Korsnas IF FK,Skiljebo SK,3.3,"Football / Sweden / Division 2, Promotion Playoffs",3.75,1.89,2:00 pm,Sat 09/05
Slask II Wroclaw,KKS 1925 Kalisz,1.8,Football / Poland / II Liga,3.67,3.82,2:00 pm,Sat 09/05
Liverpool FC,Chelsea FC,1.92,Football / England / Premier League,4.0,3.71,2:30 pm,Sat 09/05
FC Goa,Mohun Bagan Super Giant,3.98,Football / India / Indian Super League,3.35,1.88,2:30 pm,Sat 09/05
Middlesbrough FC,Southampton FC,2.32,Football / England / Championship,3.29,3.07,2:30 pm,Sat 09/05
South Shields,Kidderminster Harriers FC,1.84,Football / England / National League North,3.49,3.98,2:30 pm,Sat 09/05
FCI Levadia Tallinn,Harju JK Laagri,1.15,Football / Estonia / Premium Liiga,7.39,13.62,2:30 pm,Sat 09/05
FK Teplice,FC Banik Ostrava,2.54,Football / Czech Republic / 1. Liga,3.16,2.94,3:00 pm,Sat 09/05
FK Mlada Boleslav,FC Zlin,2.06,Football / Czech Republic / 1. Liga,3.71,3.39,3:00 pm,Sat 09/05
Motala AIF FK,IFK Skovde FK,2.48,"Football / Sweden / Division 2, Promotion Playoffs",3.6,2.38,3:00 pm,Sat 09/05
IF Brommapojkarna Women,Eskilstuna United DFF Women,1.9,Football / Sweden / Damallsvenskan,3.71,3.42,3:00 pm,Sat 09/05
Hansa Rostock,VfB Stuttgart II U21,1.63,Football / Germany / 3. Liga,4.45,4.72,3:00 pm,Sat 09/05
Rot-Weiss Essen,SC Verl,2.47,Football / Germany / 3. Liga,3.82,2.61,3:00 pm,Sat 09/05
Grebbestads IF,Ahlafors IF,2.44,"Football / Sweden / Division 2, Promotion Playoffs",3.5,2.48,3:00 pm,Sat 09/05
Energie Cottbus,SV Wehen Wiesbaden,1.53,Football / Germany / 3. Liga,4.91,5.22,3:00 pm,Sat 09/05
TSV 1860 Munich,FC Ingolstadt 04,2.34,Football / Germany / 3. Liga,3.73,2.81,3:00 pm,Sat 09/05
VfL 1899 Osnabruck,SSV Ulm 1846,1.51,Football / Germany / 3. Liga,4.63,5.82,3:00 pm,Sat 09/05
AC Horsens,Hillerod Fodbold,2.11,Football / Denmark / 1. Division,3.25,3.34,3:00 pm,Sat 09/05
Sarpsborg 08,Fredrikstad FK,2.0,Football / Norway / Eliteserien,3.88,3.3,3:00 pm,Sat 09/05
FC Inter Turku,FF Jaro,1.36,Football / Finland / Veikkausliiga,4.86,7.19,3:00 pm,Sat 09/05
Aarhus Fremad,HB Koege,1.89,Football / Denmark / 1. Division,3.61,3.65,3:00 pm,Sat 09/05
Elche CF,Deportivo Alaves,2.29,Football / Spain / LaLiga,3.44,3.21,3:00 pm,Sat 09/05
Dukla Prague,1. FC Slovacko Uherske Hradiste,2.53,Football / Czech Republic / 1. Liga,3.26,2.87,3:00 pm,Sat 09/05
Skara FC,Husqvarna FF,3.35,"Football / Sweden / Division 2, Promotion Playoffs",3.75,1.87,3:00 pm,Sat 09/05
Persis Solo,Persebaya Surabaya,2.23,Football / Indonesia / Liga 1,3.46,2.92,3:00 pm,Sat 09/05
FK Atmosfera,FK Babrungas Plunge,2.3,Football / Lithuania / 1 Lyga,3.4,2.56,3:00 pm,Sat 09/05
Oskarshamns AIK,Torns IF,1.63,"Football / Sweden / Division 2, Promotion Playoffs",3.8,4.5,3:00 pm,Sat 09/05
AD Ceuta,CD Castellon,4.05,Football / Spain / LaLiga 2,3.98,1.81,3:00 pm,Sat 09/05
JIPPO,HJK Klubi 04,1.35,Football / Finland / Ykkosliiga,4.87,7.6,3:00 pm,Sat 09/05
LNZ Cherkasy,FC Dynamo Kyiv,3.26,Football / Ukraine / Premier League,3.26,2.15,3:30 pm,Sat 09/05
Widzew Lodz,KS Lechia Gdansk,1.93,Football / Poland / Ekstraklasa,3.69,3.83,3:45 pm,Sat 09/05
Bravo Ljubljana,NK Radomlje,1.51,Football / Slovenia / PrvaLiga,4.37,5.24,4:00 pm,Sat 09/05
Vaxjo DFF Women,AIK DFF Women,3.32,Football / Sweden / Damallsvenskan,3.46,2.0,4:00 pm,Sat 09/05
Vasteraas SK,GAIS,3.2,Football / Sweden / Allsvenskan,3.42,2.25,4:00 pm,Sat 09/05
IFK Goteborg,Hammarby IF,4.55,Football / Sweden / Allsvenskan,3.95,1.73,4:00 pm,Sat 09/05
Kristianstads DFF Women,IFK Norrkoping DFK Women,2.15,Football / Sweden / Damallsvenskan,3.43,2.99,4:00 pm,Sat 09/05
Degerfors IF,Mjallby AIF,3.58,Football / Sweden / Allsvenskan,3.37,2.11,4:00 pm,Sat 09/05
Cagliari Calcio,Udinese Calcio,2.5,Football / Italy / Serie A,3.21,3.05,4:00 pm,Sat 09/05
Norrby IF,Helsingborgs IF,2.37,Football / Sweden / Superettan,3.36,2.78,4:00 pm,Sat 09/05
Panserraikos FC,AE Kifisia FC,3.26,Football / Greece / Super League 1,3.06,2.24,4:00 pm,Sat 09/05
PFC Cherno More Varna,Botev Plovdiv,2.58,Football / Bulgaria / Parva Liga,3.21,2.63,4:15 pm,Sat 09/05
RB Leipzig,FC St. Pauli,1.35,Football / Germany / Bundesliga,5.7,8.16,4:30 pm,Sat 09/05
VfB Stuttgart,Bayer Leverkusen,2.17,Football / Germany / Bundesliga,4.08,3.0,4:30 pm,Sat 09/05
FC Augsburg,Borussia Monchengladbach,2.2,Football / Germany / Bundesliga,3.69,3.18,4:30 pm,Sat 09/05
TSG Hoffenheim,Werder Bremen,1.51,Football / Germany / Bundesliga,5.06,5.6,4:30 pm,Sat 09/05
FC Rosengaard 1917,Tvaakers IF,1.91,"Football / Sweden / Ettan, Relegation/Promotion",3.57,3.38,5:00 pm,Sat 09/05
St Mirren FC,Kilmarnock FC,1.95,Football / Scotland / Premiership,3.57,3.74,5:00 pm,Sat 09/05
SV Zulte Waregem,FCV Dender EH,1.64,Football / Belgium / Pro League,4.14,5.34,5:00 pm,Sat 09/05
Vaasan Palloseura,IF Gnistan,1.86,Football / Finland / Veikkausliiga,3.6,3.79,5:00 pm,Sat 09/05
FBK Karlstad,FC Jarfalla,2.13,"Football / Sweden / Ettan, Relegation/Promotion",3.54,2.87,5:00 pm,Sat 09/05
GNK Dinamo Zagreb,HNK Hajduk Split,1.45,Football / Croatia / HNL,4.45,6.0,5:00 pm,Sat 09/05
IFK Haninge,Fittja IF,1.55,"Football / Sweden / Division 2, Promotion Playoffs",4.4,4.4,5:00 pm,Sat 09/05
Fulham FC,AFC Bournemouth,2.71,Football / England / Premier League,3.73,2.49,5:00 pm,Sat 09/05
FC Trollhattan,Lunds BK,2.04,"Football / Sweden / Ettan, Relegation/Promotion",3.54,3.06,5:00 pm,Sat 09/05
Skovde AIK,Angelholms FF,2.47,"Football / Sweden / Ettan, Relegation/Promotion",3.43,2.47,5:00 pm,Sat 09/05
Aberdeen FC,Dundee United,2.22,Football / Scotland / Premiership,3.47,3.11,5:00 pm,Sat 09/05
Eskilsminne IF,Utsiktens BK,1.79,"Football / Sweden / Ettan, Relegation/Promotion",3.77,3.63,5:00 pm,Sat 09/05
Falkirk FC,Hibernian FC,2.33,Football / Scotland / Premiership,3.52,2.88,5:00 pm,Sat 09/05
RAAL La Louviere,Cercle Brugge,3.25,Football / Belgium / Pro League,3.47,2.25,5:00 pm,Sat 09/05
Karlbergs BK,IF Karlstad Fotbol,2.82,"Football / Sweden / Ettan, Relegation/Promotion",3.58,2.15,5:00 pm,Sat 09/05
Dundee FC,Livingston FC,1.87,Football / Scotland / Premiership,3.79,3.84,5:00 pm,Sat 09/05
Stevenage FC,Stockport County FC,2.51,Football / England / League One,3.22,2.93,5:00 pm,Sat 09/05
FC KTP Kotka,KaPa Kapylan Pallo,1.56,Football / Finland / Ykkosliiga,4.29,4.87,5:00 pm,Sat 09/05
Brora Rangers,Edinburgh City FC,2.51,Football / Scotland / League 2,3.62,2.41,5:00 pm,Sat 09/05
FC Viktoria Plzen,FC Slovan Liberec,1.54,Football / Czech Republic / 1. Liga,4.38,5.81,5:00 pm,Sat 09/05
Sunderland AFC,Manchester United,3.91,Football / England / Premier League,3.75,3.83,5:00 pm,Sat 09/05
Podhale Nowy Targ,MKS Chojniczanka Chojnice,2.26,Football / Poland / II Liga,3.32,2.89,5:00 pm,Sat 09/05
Hornchurch FC,Torquay United,2.71,Football / England / National League South,3.28,2.46,5:00 pm,Sat 09/05
PEPO Lappeenranta,FC Kiffen,1.73,Football / Finland / Kakkonen Playoffs,4.12,3.73,5:00 pm,Sat 09/05
Parnu JK Vaprus,JK Narva Trans,2.24,Football / Estonia / Premium Liiga,3.65,2.78,5:00 pm,Sat 09/05
IFK Stocksund,FC Stockholm Internazionale,7.09,"Football / Sweden / Ettan, Relegation/Promotion",4.79,1.33,5:00 pm,Sat 09/05
Osterlen FF,IFK Berga,2.24,"Football / Sweden / Division 2, Promotion Playoffs",3.54,2.69,5:00 pm,Sat 09/05
Brighton & Hove Albion,Wolverhampton Wanderers,1.3,Football / England / Premier League,6.0,9.38,5:00 pm,Sat 09/05
AE Larissa FC,Asteras Tripolis,2.47,Football / Greece / Super League 1,3.01,2.91,5:00 pm,Sat 09/05
Sevilla FC,Espanyol Barcelona,2.08,Football / Spain / LaLiga,3.45,3.71,5:15 pm,Sat 09/05
Burgos CF,UD Almeria,2.61,Football / Spain / LaLiga 2,3.19,2.83,5:15 pm,Sat 09/05
Albacete Balompie,Cultural Leonesa,2.21,Football / Spain / LaLiga 2,3.36,3.34,5:15 pm,Sat 09/05
SV Waldhof Mannheim 07,Jahn Regensburg,2.33,Football / Germany / 3. Liga,3.79,2.81,5:30 pm,Sat 09/05
FK Rudar Prijedor,FK Sarajevo,3.51,Football / Bosnia and Herzegovina / Premijer Liga,3.12,2.06,6:00 pm,Sat 09/05
ASC Otelul Galati,FC Farul Constanta,2.19,Football / Romania / Liga I,3.26,3.16,6:00 pm,Sat 09/05
WSG Tirol,Blau-Weiss Linz,2.75,Football / Austria / Bundesliga,3.29,2.62,6:00 pm,Sat 09/05
SV Ried,Wolfsberger AC,2.26,Football / Austria / Bundesliga,3.38,3.22,6:00 pm,Sat 09/05
HSK Posusje,FK Velez Mostar,2.74,Football / Bosnia and Herzegovina / Premijer Liga,2.94,2.6,6:00 pm,Sat 09/05
Grazer AK 1902,SCR Altach,2.32,Football / Austria / Bundesliga,3.27,3.19,6:00 pm,Sat 09/05
FC Zorya Luhansk,FC Metalist 1925 Kharkiv,3.01,Football / Ukraine / Premier League,3.2,2.3,6:00 pm,Sat 09/05
GIF Sundsvall,IFK Norrkoping FK,3.9,Football / Sweden / Superettan,3.56,1.84,6:00 pm,Sat 09/05
NK Siroki Brijeg,FK Borac Banja Luka,4.81,Football / Bosnia and Herzegovina / Premijer Liga,3.56,1.66,6:00 pm,Sat 09/05
Enosis Neon Paralimni FC,Ethnikos Achnas FC,10.64,Football / Cyprus / 1st Division,5.81,1.23,6:00 pm,Sat 09/05
Sandvikens IF,Ljungskile SK,2.73,Football / Sweden / Superettan,3.51,2.34,6:00 pm,Sat 09/05
FK Radnik Bijeljina,HSK Zrinjski Mostar,4.05,Football / Bosnia and Herzegovina / Premijer Liga,3.33,1.84,6:00 pm,Sat 09/05
AEL Limassol,Olympiakos Nicosia,2.36,Football / Cyprus / 1st Division,3.48,2.71,6:00 pm,Sat 09/05
Omonia Aradippou,Akritas Chlorakas,1.91,Football / Cyprus / 1st Division,3.39,3.83,6:00 pm,Sat 09/05
SJK Akatemia,JaPS,2.78,Football / Finland / Ykkosliiga,3.46,2.32,6:00 pm,Sat 09/05
FK Zeljeznicar Sarajevo,FK Sloga Doboj,1.77,Football / Bosnia and Herzegovina / Premijer Liga,3.34,4.45,6:00 pm,Sat 09/05
FC Obolon Kyiv,FC Epitsentr Kamianets-Podilskyi,2.78,Football / Ukraine / Premier League,3.22,2.44,6:00 pm,Sat 09/05
Jagiellonia Bialystok,Pogon Szczecin,1.89,Football / Poland / Ekstraklasa,3.84,3.86,6:30 pm,Sat 09/05
FC Koper,Aluminij Kidricevo,1.31,Football / Slovenia / PrvaLiga,5.61,7.35,6:30 pm,Sat 09/05
PFC Levski Sofia,PFC Ludogorets 1945 Razgrad,2.52,Football / Bulgaria / Parva Liga,3.05,2.81,6:45 pm,Sat 09/05
FC Winterthur,Lausanne-Sport,3.81,Football / Switzerland / Super League,4.13,1.83,7:00 pm,Sat 09/05
Lazio Rome,Inter Milano,4.5,Football / Italy / Serie A,3.81,4.16,7:00 pm,Sat 09/05
MFK Zemplin Michalovce,DAC 1904 Dunajska Streda,3.8,Football / Slovakia / Superliga,3.65,1.84,7:00 pm,Sat 09/05
MFK Ruzomberok,AS Trencin,2.0,Football / Slovakia / Superliga,3.35,3.55,7:00 pm,Sat 09/05
1. FC Tatran Presov,MFK Skalica,2.09,Football / Slovakia / Superliga,3.35,3.3,7:00 pm,Sat 09/05
Olimpia Grudziadz,Rekord Bielsko Biala,1.76,Football / Poland / II Liga,3.72,3.96,7:00 pm,Sat 09/05
FC Zurich,Grasshopper Club Zurich,2.38,Football / Switzerland / Super League,3.6,2.84,7:00 pm,Sat 09/05
FK Crvena Zvezda Belgrade,FK Novi Pazar,1.05,Football / Serbia / Superliga,10.65,33.88,7:00 pm,Sat 09/05
Al-Najma,Al-Hazm,3.45,Football / Saudi Arabia / Saudi Prof. League,3.7,2.04,7:10 pm,Sat 09/05
Atletico Madrid,RC Celta de Vigo,2.19,Football / Spain / LaLiga,3.39,3.47,7:30 pm,Sat 09/05
VFL Wolfsburg,Bayern Munich,4.28,Football / Germany / Bundesliga,4.71,4.5,7:30 pm,Sat 09/05
Real Valladolid,Real Zaragoza,2.19,Football / Spain / LaLiga 2,3.33,3.42,7:30 pm,Sat 09/05
Manchester City,Brentford FC,1.37,Football / England / Premier League,5.77,7.46,7:30 pm,Sat 09/05
Atromitos Athinon,Panaitolikos Agrinio,2.1,Football / Greece / Super League 1,3.36,3.26,7:30 pm,Sat 09/05
NK Varazdin,NK Lokomotiva Zagreb,2.2,Football / Croatia / HNL,3.3,3.11,7:45 pm,Sat 09/05
Galatasaray Istanbul,Antalyaspor,1.16,Football / Turkey / Super Lig,8.48,16.16,8:00 pm,Sat 09/05
Alanyaspor,Kayserispor,2.16,Football / Turkey / Super Lig,3.64,3.3,8:00 pm,Sat 09/05
Kocaelispor,Fatih Karagumruk Istanbul,1.77,Football / Turkey / Super Lig,3.79,4.71,8:00 pm,Sat 09/05
Istanbul Basaksehir,Samsunspor,1.92,Football / Turkey / Super Lig,3.64,4.09,8:00 pm,Sat 09/05
Eyupspor,Caykur Rizespor,2.66,Football / Turkey / Super Lig,3.58,2.61,8:00 pm,Sat 09/05
Konyaspor,Fenerbahce Istanbul,6.52,Football / Turkey / Super Lig,4.68,1.49,8:00 pm,Sat 09/05
Toronto FC,Inter Miami CF,3.11,Football / USA / Major League Soccer,3.99,2.05,8:00 pm,Sat 09/05
Slavia Prague,Sparta Prague,1.9,Football / Czech Republic / 1. Liga,3.57,4.09,8:00 pm,Sat 09/05
Goztepe Izmir,Gaziantep FK,1.54,Football / Turkey / Super Lig,4.37,6.12,8:00 pm,Sat 09/05
Besiktas Istanbul,Trabzonspor,2.02,Football / Turkey / Super Lig,3.82,3.53,8:00 pm,Sat 09/05
Esbjerg FB,Kolding IF,2.35,Football / Denmark / 1. Division,3.41,2.77,8:00 pm,Sat 09/05
Genclerbirligi SK,Kasimpasa Istanbul,2.44,Football / Turkey / Super Lig,3.26,3.09,8:00 pm,Sat 09/05
Maccabi Bney Reine,Hapoel Ironi Kiryat Shmona FC,3.85,Football / Israel / Premier League,3.41,1.9,8:15 pm,Sat 09/05
Maccabi Haifa FC,Beitar Jerusalem FC,2.61,Football / Israel / Premier League,3.73,2.33,8:30 pm,Sat 09/05
FC Rouen,FC Versailles 78,2.08,Football / France / National,3.11,3.6,8:30 pm,Sat 09/05
FKS Stal Mielec,Puszcza Niepolomice,2.05,Football / Poland / I Liga,3.4,3.35,8:30 pm,Sat 09/05
MKS Znicz Pruszkow,Polonia Bytom,2.44,Football / Poland / I Liga,3.37,2.68,8:30 pm,Sat 09/05
Wieczysta Krakow,Miedz Legnica,1.7,Football / Poland / I Liga,3.98,4.17,8:30 pm,Sat 09/05
Football Bourg-En-Bresse Peronnas 01,Valenciennes FC,2.08,Football / France / National,3.6,3.12,8:30 pm,Sat 09/05
Stade Briochin,Quevilly-Rouen Metropole,2.41,Football / France / National,3.1,2.91,8:30 pm,Sat 09/05
FK Partizan Belgrade,OFK Beograd,1.45,Football / Serbia / Superliga,4.57,5.84,8:30 pm,Sat 09/05
SM Caen,US Concarneau,2.23,Football / France / National,3.17,3.17,8:30 pm,Sat 09/05
Paris 13 Atletico,SC Aubagne Air Bel,2.26,Football / France / National,3.06,3.21,8:30 pm,Sat 09/05
Hapoel Petah Tikva FC,Hapoel Be`er Sheva FC,5.25,Football / Israel / Premier League,4.18,1.54,8:30 pm,Sat 09/05
US Orleans,FC Fleury 91,2.23,Football / France / National,3.4,2.96,8:30 pm,Sat 09/05
Le Puy Foot 43 Auvergne,Dijon FCO,2.96,Football / France / National,3.11,2.38,8:30 pm,Sat 09/05
LB Chateauroux,Sochaux-Montbeliard,4.2,Football / France / National,3.47,1.81,8:30 pm,Sat 09/05
Hapoel Tel Aviv FC,Maccabi Tel Aviv FC,2.87,Football / Israel / Premier League,3.55,2.22,8:30 pm,Sat 09/05
Defensores de Cambaceres,Club Mercedes,2.29,Football / Argentina / Primera C,2.78,3.3,9:00 pm,Sat 09/05
SC Bastia,Le Mans FC,2.94,Football / France / Ligue 2,3.24,2.49,9:00 pm,Sat 09/05
Stade Reims,Pau FC,1.31,Football / France / Ligue 2,5.67,8.9,9:00 pm,Sat 09/05
Clermont Foot 63,EA Guingamp,2.98,Football / France / Ligue 2,3.41,2.37,9:00 pm,Sat 09/05
CD Moquegua,Asociacion Deportiva Tarma,2.36,Football / Peru / Primera Division,3.15,2.96,9:00 pm,Sat 09/05
CSD Tristan Suarez,CA Ferrocarril Midland,2.29,Football / Argentina / Primera Nacional,2.87,3.4,9:00 pm,Sat 09/05
FC Universitatea Cluj,Rapid Bucuresti 1923,2.06,Football / Romania / Liga I,3.41,3.31,9:00 pm,Sat 09/05
K Beerschot VA,Lommel SK,2.02,Football / Belgium / Pro League,3.7,3.64,9:00 pm,Sat 09/05
Nancy-Lorraine,USL Dunkerque,2.65,Football / France / Ligue 2,3.38,2.66,9:00 pm,Sat 09/05
Deportivo Moron,Club Atletico Los Andes,1.62,Football / Argentina / Primera Nacional,3.2,6.6,9:00 pm,Sat 09/05
Al-Fayha FC,Al Qadsiah,5.58,Football / Saudi Arabia / Saudi Prof. League,3.98,1.61,9:00 pm,Sat 09/05
Stade Lavallois MFC,US Boulogne,1.69,Football / France / Ligue 2,3.72,5.32,9:00 pm,Sat 09/05
FC Annecy,Rodez Aveyron Football,2.16,Football / France / Ligue 2,3.56,3.27,9:00 pm,Sat 09/05
Grenoble Foot,ESTAC Troyes,4.09,Football / France / Ligue 2,3.83,1.84,9:00 pm,Sat 09/05
AS Saint-Etienne,Amiens SC,1.19,Football / France / Ligue 2,7.49,13.57,9:00 pm,Sat 09/05
Red Star FC,Montpellier HSC,1.8,Football / France / Ligue 2,3.69,4.5,9:00 pm,Sat 09/05
NK Maribor,Olimpija Ljubljana,1.96,Football / Slovenia / PrvaLiga,3.41,3.61,9:15 pm,Sat 09/05
Gornik Zabrze,Zaglebie Lubin,1.67,Football / Poland / Ekstraklasa,3.9,5.09,9:15 pm,Sat 09/05
Leones de Rosario FC,Yupanqui,1.87,Football / Argentina / Primera C,3.05,4.2,9:30 pm,Sat 09/05
Chicago Fire,New York Red Bulls,1.56,Football / USA / Major League Soccer,4.52,5.01,9:30 pm,Sat 09/05
CA San Miguel,CA Estudiantes,2.29,Football / Argentina / Primera Nacional,2.82,3.45,9:30 pm,Sat 09/05
CA Temperley,CD Maipu,2.1,Football / Argentina / Primera Nacional,2.82,3.99,9:30 pm,Sat 09/05
CD Tecnico Universitario,Delfin SC,1.94,Football / Ecuador / LigaPro Primera A,3.2,3.97,9:30 pm,Sat 09/05
1 FC Nuremberg,Schalke 04,2.75,Football / Germany / 2nd Bundesliga,3.69,2.35,9:30 pm,Sat 09/05
FK Zeleziarne Podbrezova,SK Slovan Bratislava,3.31,Football / Slovakia / Superliga,3.65,1.99,9:30 pm,Sat 09/05
FC Luzern,Servette Geneva,2.13,Football / Switzerland / Super League,3.9,3.09,9:30 pm,Sat 09/05
CA Acassuso,Club Almirante Brown,2.73,Football / Argentina / Primera Nacional,2.68,2.93,9:30 pm,Sat 09/05
Club Brugge,St. Truidense VV,1.52,Football / Belgium / Pro League,4.92,5.63,9:45 pm,Sat 09/05
US Lecce,Juventus Turin,6.27,Football / Italy / Serie A,4.45,5.36,9:45 pm,Sat 09/05
Real Sociedad San Sebastian,Real Betis Seville,2.36,Football / Spain / LaLiga,3.61,2.95,10:00 pm,Sat 09/05
Motherwell FC,Heart of Midlothian FC,2.52,Football / Scotland / Premiership,3.29,2.79,10:00 pm,Sat 09/05
Fluminense FC RJ Women,Santos FC SP Women,2.47,"Football / Brazil / Campeonato Brasileiro, Women",3.2,2.6,10:00 pm,Sat 09/05
Malaga CF,Sporting Gijon,1.69,Football / Spain / LaLiga 2,4.01,4.79,10:00 pm,Sat 09/05
Bolton Wanderers,Bradford City FC,1.87,Football / England / League One,3.63,4.19,10:00 pm,Sat 09/05
Goias EC GO,Vila Nova FC GO,2.11,Football / Brazil / Brasileiro Serie B,3.16,3.45,10:00 pm,Sat 09/05
Coritiba FC PR,SC Internacional RS,2.68,Football / Brazil / Brasileiro Serie A,3.22,2.73,10:00 pm,Sat 09/05
CA San Telmo,Mitre Santiago del Estero,2.67,Football / Argentina / Primera Nacional,2.72,2.96,11:00 pm,Sat 09/05
Nueva Chicago,Club Almagro,1.79,Football / Argentina / Primera Nacional,3.07,5.07,11:00 pm,Sat 09/05
Atletico Grau,CS Cienciano,2.37,Football / Peru / Primera Division,3.16,2.92,11:15 pm,Sat 09/05
CF Montreal,Orlando City SC,1.84,Football / USA / Major League Soccer,3.99,3.77,11:30 pm,Sat 09/05
Guayaquil City FC,CD Cuenca,2.27,Football / Ecuador / LigaPro Primera A,3.15,3.1,12:00 am,Sun 10/05
Fluminense FC RJ,EC Vitoria BA,1.51,Football / Brazil / Brasileiro Serie A,4.22,6.67,12:00 am,Sun 10/05
Mixto EC MT Women,EC Bahia BA Women,6.0,"Football / Brazil / Campeonato Brasileiro, Women",3.9,1.47,12:00 am,Sun 10/05
Athletic Club Sjdr MG,Cuiaba EC MT,2.34,Football / Brazil / Brasileiro Serie B,2.88,3.27,12:00 am,Sun 10/05
Colo-Colo,Deportes Concepcion,1.54,Football / Chile / Copa de la Liga,4.28,4.86,12:30 am,Sun 10/05
AA Ponte Preta SP,SC Recife PE,2.54,Football / Brazil / Brasileiro Serie B,3.18,2.69,12:30 am,Sun 10/05
Ceara SC CE,AC Goianiense GO,1.88,Football / Brazil / Brasileiro Serie B,3.17,4.29,1:00 am,Sun 10/05
Gotham FC Women,Boston Legacy FC Women,1.46,Football / USA / National Womens Soccer League,4.04,6.34,1:30 am,Sun 10/05
Indy Eleven,Sporting Jax,1.65,Football / USA / USL Championship,3.89,4.57,2:00 am,Sun 10/05
Hartford Athletic,Detroit City FC,2.43,Football / USA / USL Championship,3.4,2.67,2:00 am,Sun 10/05
Brooklyn FC,Loudoun United FC,2.13,Football / USA / USL Championship,3.51,3.07,2:00 am,Sun 10/05
Louisville City FC,Pittsburgh Riverhounds,1.55,Football / USA / USL Championship,3.88,5.62,2:00 am,Sun 10/05
New England Revolution,Philadelphia Union,2.63,Football / USA / Major League Soccer,3.36,2.61,2:30 am,Sun 10/05
Charlotte FC,FC Cincinnati,2.05,Football / USA / Major League Soccer,3.74,3.28,2:30 am,Sun 10/05
Rhode Island FC,Tampa Bay Rowdies,2.72,Football / USA / USL Championship,3.45,2.37,2:30 am,Sun 10/05
CR Brasil AL,Operario Ferroviario EC PR,2.03,Football / Brazil / Brasileiro Serie B,3.31,3.5,2:30 am,Sun 10/05
Atlanta United FC,Los Angeles Galaxy,2.42,Football / USA / Major League Soccer,3.56,2.73,2:30 am,Sun 10/05
CSD Independiente del Valle,Barcelona SC,1.58,Football / Ecuador / LigaPro Primera A,3.69,5.63,3:00 am,Sun 10/05
EC Bahia BA,Cruzeiro EC MG,2.16,Football / Brazil / Brasileiro Serie A,3.36,3.46,3:00 am,Sun 10/05
EC Juventude RS,Criciuma EC SC,2.29,Football / Brazil / Brasileiro Serie B,3.01,3.21,3:15 am,Sun 10/05
FC Dallas,Real Salt Lake,2.2,Football / USA / Major League Soccer,3.75,2.96,3:30 am,Sun 10/05
Angel City FC Women,San Diego Wave FC Women,2.85,Football / USA / National Womens Soccer League,3.14,2.38,3:45 am,Sun 10/05
Alianza Lima,Sporting Cristal,1.76,Football / Peru / Primera Division,3.65,4.19,4:00 am,Sun 10/05
CD Guadalajara,Tigres UANL,2.0,"Football / Mexico / Primera Division, Clausura",3.5,3.41,4:07 am,Sun 10/05
Nashville SC,DC United,1.51,Football / USA / Major League Soccer,4.32,6.08,4:15 am,Sun 10/05
Colorado Rapids,Saint Louis City SC,1.98,Football / USA / Major League Soccer,3.75,3.46,4:30 am,Sun 10/05
CS Herediano,CS Cartagines,1.77,"Football / Costa Rica / Primera Division, Clausura",3.49,4.36,5:00 am,Sun 10/05
Phoenix Rising FC,San Antonio FC,2.34,Football / USA / USL Championship,3.11,3.01,5:00 am,Sun 10/05
Wellington Phoenix Women,Brisbane Roar FC Women,1.72,"Football / Australia / A-League, Women",4.07,3.97,5:30 am,Sun 10/05
San Jose Earthquakes,Vancouver Whitecaps FC,2.88,Football / USA / Major League Soccer,3.63,2.28,5:30 am,Sun 10/05
Portland Timbers,Sporting Kansas City,1.51,Football / USA / Major League Soccer,4.78,5.35,5:30 am,Sun 10/05
Seattle Sounders,San Diego FC,1.74,Football / USA / Major League Soccer,3.98,4.28,5:30 am,Sun 10/05
CF Cruz Azul,Atlas FC,1.34,"Football / Mexico / Primera Division, Clausura",5.07,7.42,6:15 am,Sun 10/05
Seongnam Ilhwa,Jeonnam Dragons,2.12,Football / Republic of Korea / K-League 2,3.18,3.28,8:00 am,Sun 10/05
Busan I Park,Cheonan City FC,1.67,Football / Republic of Korea / K-League 2,3.76,4.44,10:30 am,Sun 10/05
Ansan Greeners FC,Yongin City FC,3.51,Football / Republic of Korea / K-League 2,3.36,1.97,10:30 am,Sun 10/05
Persija Jakarta,Persib Bandung,2.57,Football / Indonesia / Liga 1,3.16,2.67,11:30 am,Sun 10/05
FC Orenburg,PFK Krylia Sovetov Samara,2.11,Football / Russian Federation / Premier League,3.55,3.4,12:30 pm,Sun 10/05
Gyeongnam FC,Gimhae FC,2.17,Football / Republic of Korea / K-League 2,3.23,3.13,1:00 pm,Sun 10/05
Polonia Warszawa,Gornik Leczna,1.64,Football / Poland / I Liga,3.98,4.56,1:00 pm,Sun 10/05
GKS Piast Gliwice,GKS Katowice,2.14,Football / Poland / Ekstraklasa,3.62,3.27,1:15 pm,Sun 10/05
Hellas Verona,Como 1907,7.49,Football / Italy / Serie A,4.68,6.08,1:30 pm,Sun 10/05
FC Penafiel,Maritimo Madeira,2.86,Football / Portugal / Liga Portugal 2,3.4,2.29,2:00 pm,Sun 10/05
Chonburi FC,Nakhon Ratchasima FC,1.9,Football / Thailand / Thai League 1,3.69,3.55,2:00 pm,Sun 10/05
BG Pathum United,Prachuap FC,1.68,Football / Thailand / Thai League 1,3.78,4.56,2:00 pm,Sun 10/05
CD Tondela,Moreirense FC,2.01,Football / Portugal / Liga Portugal,3.57,3.81,2:00 pm,Sun 10/05
Sukhothai FC,Muang Thong United,2.38,Football / Thailand / Thai League 1,3.44,2.71,2:00 pm,Sun 10/05
Celtic Glasgow,Glasgow Rangers,2.06,Football / Scotland / Premiership,3.69,3.29,2:00 pm,Sun 10/05
FC Vizela,UD Leiria,2.43,Football / Portugal / Liga Portugal 2,3.12,2.87,2:00 pm,Sun 10/05
Buriram United,Lamphun Warriors FC,1.21,Football / Thailand / Thai League 1,6.21,10.67,2:00 pm,Sun 10/05
SC Farense,FC Pacos Ferreira,1.96,Football / Portugal / Liga Portugal 2,3.3,3.74,2:00 pm,Sun 10/05
SL Benfica B,Academico de Viseu FC,2.67,Football / Portugal / Liga Portugal 2,3.4,2.43,2:00 pm,Sun 10/05
Estrela Amadora,FC Famalicao,3.86,Football / Portugal / Liga Portugal,3.56,2.0,2:00 pm,Sun 10/05
Ayutthaya United FC,Port FC,4.77,Football / Thailand / Thai League 1,3.99,1.61,2:00 pm,Sun 10/05
Rayong FC,Bangkok United FC,3.26,Football / Thailand / Thai League 1,3.5,2.05,2:00 pm,Sun 10/05
Kanchanaburi Power FC,Ratchaburi FC,4.08,Football / Thailand / Thai League 1,3.99,1.71,2:00 pm,Sun 10/05
Gil Vicente Barcelos,FC Arouca,1.73,Football / Portugal / Liga Portugal,3.96,4.82,2:00 pm,Sun 10/05
AVS Futebol SAD,FC Porto,12.1,Football / Portugal / Liga Portugal,7.01,1.23,2:00 pm,Sun 10/05
Rio Ave FC,Sporting CP,12.98,Football / Portugal / Liga Portugal,6.74,1.23,2:00 pm,Sun 10/05
Vitoria SC Guimaraes,Casa Pia Lisbon,1.83,Football / Portugal / Liga Portugal,3.83,4.28,2:00 pm,Sun 10/05
Chiangrai United,Uthai Thani FC,2.19,Football / Thailand / Thai League 1,3.36,3.07,2:00 pm,Sun 10/05
Sporting Lisbon B,FC Porto B YOUTH,1.95,Football / Portugal / Liga Portugal 2,3.5,3.55,2:00 pm,Sun 10/05
Santa Clara Azores,Nacional da Madeira,1.97,Football / Portugal / Liga Portugal,3.52,4.02,2:00 pm,Sun 10/05
Lusitania FC Lourosa,SCU Torreense,3.45,Football / Portugal / Liga Portugal 2,3.35,2.03,2:00 pm,Sun 10/05
FC Felgueiras 1932,Portimonense SAD,1.93,Football / Portugal / Liga Portugal 2,3.35,3.79,2:00 pm,Sun 10/05
FC Alverca SAD,Estoril Praia,2.48,Football / Portugal / Liga Portugal,3.49,2.85,2:00 pm,Sun 10/05
CD Feirense,UD Oliveirense,1.93,Football / Portugal / Liga Portugal 2,3.29,3.88,2:00 pm,Sun 10/05
SL Benfica,SC Braga,1.41,Football / Portugal / Liga Portugal,4.97,7.8,2:00 pm,Sun 10/05
FK Spartak 1918 Varna,PFC Slavia Sofia,3.0,Football / Bulgaria / Parva Liga,3.39,2.21,2:15 pm,Sun 10/05
KAA Gent,RSC Anderlecht,2.43,Football / Belgium / Pro League,3.55,2.89,2:30 pm,Sun 10/05
TSV Havelse,1. FC Schweinfurt 05,1.96,Football / Germany / 3. Liga,4.09,3.38,2:30 pm,Sun 10/05
Hertha BSC,Greuther Furth,1.82,Football / Germany / 2nd Bundesliga,4.19,3.69,2:30 pm,Sun 10/05
SC Preussen 06 Munster,SV Darmstadt 98,2.21,Football / Germany / 2nd Bundesliga,3.99,2.81,2:30 pm,Sun 10/05
Nomme Kalju FC,Tallinna FC Flora,2.3,Football / Estonia / Premium Liiga,3.79,2.62,2:30 pm,Sun 10/05
Kerala Blasters FC,Mohammedan SC,1.37,Football / India / Indian Super League,4.66,7.38,2:30 pm,Sun 10/05
Fortuna Dusseldorf,SV 07 Elversberg,2.95,Football / Germany / 2nd Bundesliga,3.91,2.15,2:30 pm,Sun 10/05
Kalmar FF,Halmstads BK,1.72,Football / Sweden / Allsvenskan,3.82,4.86,3:00 pm,Sun 10/05
Psim Yogyakarta,Malut United,2.63,Football / Indonesia / Liga 1,3.46,2.44,3:00 pm,Sun 10/05
FC Lahti,IFK Mariehamn,1.66,Football / Finland / Veikkausliiga,3.69,4.85,3:00 pm,Sun 10/05
FC Nordsjaelland,FC Midtjylland,3.38,Football / Denmark / Superliga,3.86,2.02,3:00 pm,Sun 10/05
FK Zenit Saint Petersburg,FK Sochi,1.15,Football / Russian Federation / Premier League,7.94,17.26,3:00 pm,Sun 10/05
FC Andorra,UD Las Palmas,2.58,Football / Spain / LaLiga 2,3.42,2.71,3:00 pm,Sun 10/05
AIK,Djurgardens IF,2.42,Football / Sweden / Allsvenskan,3.41,2.9,3:00 pm,Sun 10/05
RCD Mallorca,Villarreal CF,2.47,Football / Spain / LaLiga,3.54,2.83,3:00 pm,Sun 10/05
FC Lugano,FC St. Gallen 1879,2.23,Football / Switzerland / Super League,3.79,2.95,3:00 pm,Sun 10/05
Vejle BK,FC Fredericia,2.87,Football / Denmark / Superliga,3.76,2.29,3:00 pm,Sun 10/05
GKS Tychy,Ruch Chorzow,3.64,Football / Poland / I Liga,3.64,1.88,3:30 pm,Sun 10/05
Rosenborg BK,Lillestroem SK,2.69,Football / Norway / Eliteserien,3.68,2.4,3:30 pm,Sun 10/05
Wisla Plock,LKP Motor Lublin,2.24,Football / Poland / Ekstraklasa,3.47,3.17,3:45 pm,Sun 10/05
Crystal Palace,Everton FC,2.78,Football / England / Premier League,3.34,2.62,4:00 pm,Sun 10/05
FK Pardubice,MFK Karvina,2.12,Football / Czech Republic / 1. Liga,3.59,3.34,4:00 pm,Sun 10/05
FC Botosani,FC Petrolul Ploiesti,2.09,Football / Romania / Liga I,3.21,3.45,4:00 pm,Sun 10/05
Burnley FC,Aston Villa,5.34,Football / England / Premier League,4.3,4.82,4:00 pm,Sun 10/05
Primorje Ajdovscina,Mura Murska Sobota,2.58,Football / Slovenia / PrvaLiga,3.56,2.43,4:00 pm,Sun 10/05
Nottingham Forest,Newcastle United,2.61,Football / England / Premier League,3.56,2.65,4:00 pm,Sun 10/05
SK Sigma Olomouc,Bohemians Prague 1905,2.0,Football / Czech Republic / 1. Liga,3.6,3.65,4:00 pm,Sun 10/05
US Cremonese,Pisa SC,1.71,Football / Italy / Serie A,3.79,5.21,4:00 pm,Sun 10/05
ACF Fiorentina,Genoa CFC,2.08,Football / Italy / Serie A,3.38,3.8,4:00 pm,Sun 10/05
Hamburger SV,SC Freiburg,2.77,Football / Germany / Bundesliga,3.65,2.47,4:30 pm,Sun 10/05
POFC Botev Vratsa,FK Septemvri Sofia,1.95,Football / Bulgaria / Parva Liga,3.26,3.85,4:45 pm,Sun 10/05
Royal Antwerp FC,Royal Charleroi SC,2.4,Football / Belgium / Pro League,3.38,3.05,5:00 pm,Sun 10/05
Grimsby Town,Salford City,2.13,Football / England / League Two,3.35,3.21,5:00 pm,Sun 10/05
Aris Thessaloniki,OFI Crete,1.63,Football / Greece / Super League 1,3.6,5.25,5:00 pm,Sun 10/05
Volos NPS,APO Levadiakos FC,2.53,Football / Greece / Super League 1,3.36,2.58,5:00 pm,Sun 10/05
NK Osijek,NK Istra 1961,1.89,Football / Croatia / HNL,3.41,3.89,5:00 pm,Sun 10/05
Silkeborg IF,FC Copenhagen,4.39,Football / Denmark / Superliga,4.23,1.71,5:00 pm,Sun 10/05
Boreham Wood FC,Rochdale AFC,2.43,Football / England / National League,3.59,2.57,5:00 pm,Sun 10/05
FC Nomme United,Paide Linnameeskond,3.79,Football / Estonia / Premium Liiga,4.27,1.72,5:00 pm,Sun 10/05
RFK Akhmat Grozny,FC Dynamo-Makhachkala,2.29,Football / Russian Federation / Premier League,3.19,3.35,5:15 pm,Sun 10/05
CD Leganes,Racing Santander,2.76,Football / Spain / LaLiga 2,3.73,2.38,5:15 pm,Sun 10/05
Athletic Bilbao,Valencia CF,1.76,Football / Spain / LaLiga,3.79,4.78,5:15 pm,Sun 10/05
FC Sion,FC Thun,2.03,Football / Switzerland / Super League,3.78,3.41,5:30 pm,Sun 10/05
Young Boys Bern,FC Basel 1893,1.95,Football / Switzerland / Super League,4.12,3.39,5:30 pm,Sun 10/05
FC Viktoria Cologne,Alemannia Aachen,3.0,Football / Germany / 3. Liga,3.79,2.21,5:30 pm,Sun 10/05
BK Hacken,Malmo FF,2.41,Football / Sweden / Allsvenskan,3.55,2.83,5:30 pm,Sun 10/05
FC Twente Enschede,Sparta Rotterdam,1.38,Football / Netherlands / Eredivisie,5.4,7.81,5:45 pm,Sun 10/05
Ajax Amsterdam,FC Utrecht,1.7,Football / Netherlands / Eredivisie,4.45,4.42,5:45 pm,Sun 10/05
SC Telstar,Heracles Almelo,1.34,Football / Netherlands / Eredivisie,5.97,7.97,5:45 pm,Sun 10/05
FC Groningen,NEC Nijmegen,2.8,Football / Netherlands / Eredivisie,3.94,2.33,5:45 pm,Sun 10/05
Fortuna Sittard,PEC Zwolle,2.08,Football / Netherlands / Eredivisie,3.98,3.25,5:45 pm,Sun 10/05
Feyenoord Rotterdam,AZ Alkmaar,1.83,Football / Netherlands / Eredivisie,4.21,3.89,5:45 pm,Sun 10/05
NAC Breda,SC Heerenveen,2.5,Football / Netherlands / Eredivisie,3.87,2.62,5:45 pm,Sun 10/05
Excelsior Rotterdam,FC Volendam,1.75,Football / Netherlands / Eredivisie,4.18,4.34,5:45 pm,Sun 10/05
Go Ahead Eagles,PSV Eindhoven,4.34,Football / Netherlands / Eredivisie,4.72,1.67,5:45 pm,Sun 10/05
Sandefjord Fotball,Kristiansund BK,1.67,Football / Norway / Eliteserien,4.1,4.61,6:00 pm,Sun 10/05
Moss FK,Bryne FK,2.43,Football / Norway / 1st Division,3.4,2.67,6:00 pm,Sun 10/05
Sandnes Ulf,Stabaek IF,3.6,Football / Norway / 1st Division,3.79,1.86,6:00 pm,Sun 10/05
LASK Linz,FC Salzburg,2.65,Football / Austria / Bundesliga,3.72,2.48,6:00 pm,Sun 10/05
Pogon Siedlce,ZKS Stal Rzeszow,2.41,Football / Poland / I Liga,3.6,2.58,6:00 pm,Sun 10/05
Sogndal Fotball,FK Haugesund,2.92,Football / Norway / 1st Division,3.55,2.2,6:00 pm,Sun 10/05
Tromsoe IL,Molde FK,1.95,Football / Norway / Eliteserien,3.65,3.64,6:00 pm,Sun 10/05
SK Rapid,FK Austria Wien,2.14,Football / Austria / Bundesliga,3.44,3.43,6:00 pm,Sun 10/05
TSV Hartberg,SK Sturm Graz,3.97,Football / Austria / Bundesliga,3.63,1.91,6:00 pm,Sun 10/05
GD Chaves,Leixoes SC,1.99,Football / Portugal / Liga Portugal 2,3.26,3.69,6:00 pm,Sun 10/05
KFUM Oslo,Viking FK,4.33,Football / Norway / Eliteserien,4.48,1.65,6:00 pm,Sun 10/05
Raufoss IL,Lyn 1896 FK,2.62,Football / Norway / 1st Division,3.64,2.36,6:00 pm,Sun 10/05
Stroemmen IF,Hoedd IL,2.05,Football / Norway / 1st Division,3.46,3.31,6:00 pm,Sun 10/05
Aasane Fotball,Stroemsgodset IF,6.4,Football / Norway / 1st Division,5.05,1.38,6:00 pm,Sun 10/05
1. FC Cologne,1. FC Heidenheim,1.87,Football / Germany / Bundesliga,4.1,3.83,6:30 pm,Sun 10/05
Bruk-Bet Termalica Nieciecza,Legia Warszawa,4.44,Football / Poland / Ekstraklasa,3.91,1.76,6:30 pm,Sun 10/05
West Ham United,Arsenal FC,5.31,Football / England / Premier League,4.24,4.78,6:30 pm,Sun 10/05
Broendby IF,AGF Aarhus,2.86,Football / Denmark / Superliga,3.63,2.35,7:00 pm,Sun 10/05
FC Dinamo Bucuresti 1948,ACS Champions FC Arges,1.73,Football / Romania / Liga I,3.41,4.77,7:00 pm,Sun 10/05
Parma Calcio,AS Roma,5.64,Football / Italy / Serie A,3.93,1.64,7:00 pm,Sun 10/05
NK Slaven Belupo,HNK Gorica,2.36,Football / Croatia / HNL,3.25,2.87,7:15 pm,Sun 10/05
PFC Dobrudzha Dobrich,PFK Beroe Stara Zagora,2.08,Football / Bulgaria / Parva Liga,3.11,3.6,7:15 pm,Sun 10/05
FK Jablonec,FC Hradec Kralove,2.19,Football / Czech Republic / 1. Liga,3.42,3.31,7:30 pm,Sun 10/05
FK Radnicki Nis,FK Mladost Lucani,1.91,Football / Serbia / Superliga,2.91,4.66,7:30 pm,Sun 10/05
Olympiacos Piraeus,PAOK Thessaloniki,1.66,Football / Greece / Super League 1,3.56,5.08,7:30 pm,Sun 10/05
Union Saint-Gilloise,Yellow-Red KV Mechelen,1.36,Football / Belgium / Pro League,5.46,8.28,7:30 pm,Sun 10/05
Kansas City NWSL Women,Chicago Stars FC Women,1.32,Football / USA / National Womens Soccer League,4.83,7.91,7:30 pm,Sun 10/05
Real Oviedo,Getafe CF,3.23,Football / Spain / LaLiga,3.04,2.49,7:30 pm,Sun 10/05
FK TSC Backa Topola,FK Javor Ivanjica,1.34,Football / Serbia / Superliga,4.56,8.74,7:30 pm,Sun 10/05
AEK Athens,Panathinaikos Athens,1.54,Football / Greece / Super League 1,3.79,6.03,7:30 pm,Sun 10/05
Cordoba CF,Granada CF,1.93,Football / Spain / LaLiga 2,3.61,3.92,7:30 pm,Sun 10/05
FK IMT Novi Beograd,FK Radnicki 1923 Kragujevac,3.75,Football / Serbia / Superliga,3.55,1.88,7:30 pm,Sun 10/05
Lokomotiv Moscow,FC Baltika Kaliningrad,2.04,Football / Russian Federation / Premier League,3.49,3.67,7:30 pm,Sun 10/05
FK Spartak Subotica,FK Napredak Krusevac,1.63,Football / Serbia / Superliga,3.98,4.66,7:30 pm,Sun 10/05
CD Mirandes,SD Eibar,2.94,Football / Spain / LaLiga 2,3.38,2.41,7:30 pm,Sun 10/05
KA Akureyri,IBV Vestmannaeyjar,1.57,Football / Iceland / Besta deild,4.38,4.67,8:00 pm,Sun 10/05
Hapoel Haifa FC,MS Ashdod,2.21,Football / Israel / Premier League,3.45,2.97,8:00 pm,Sun 10/05
Ironi Tiberias,Maccabi Netanya FC,3.15,Football / Israel / Premier League,3.78,2.01,8:00 pm,Sun 10/05
Chesterfield FC,Notts County,2.07,Football / England / League Two,3.35,3.35,8:00 pm,Sun 10/05
Hapoel Jerusalem FC,Bnei Sakhnin FC,1.93,Football / Israel / Premier League,3.4,3.74,8:00 pm,Sun 10/05
KRC Genk,KVC Westerlo,1.73,Football / Belgium / Pro League,4.27,4.38,8:15 pm,Sun 10/05
TSG Hoffenheim II U23,1. FC Saarbrucken,2.79,Football / Germany / 3. Liga,4.16,2.22,8:30 pm,Sun 10/05
FSV Mainz,Union Berlin,1.8,Football / Germany / Bundesliga,3.92,4.35,8:30 pm,Sun 10/05
Al-Ittihad Club,Damac FC,1.51,Football / Saudi Arabia / Saudi Prof. League,4.69,5.79,9:00 pm,Sun 10/05
SD Aucas,CD Universidad Catolica del Ecuador,2.25,Football / Ecuador / LigaPro Primera A,3.36,2.97,9:00 pm,Sun 10/05
Sport Huancayo,Juan Pablo II College,1.48,Football / Peru / Primera Division,4.17,6.01,9:00 pm,Sun 10/05
Chacarita Juniors,CA Colegiales,1.86,Football / Argentina / Primera Nacional,3.01,4.76,9:30 pm,Sun 10/05
AC Milan,Atalanta BC,2.09,Football / Italy / Serie A,3.5,3.63,9:45 pm,Sun 10/05
Clube do Remo PA,SE Palmeiras SP,4.64,Football / Brazil / Brasileiro Serie A,3.72,1.77,10:00 pm,Sun 10/05
Agropecuario Argentino,CA Atlanta,2.34,Football / Argentina / Primera Nacional,3.07,3.07,10:00 pm,Sun 10/05
Le Havre AC,Olympique Marseille,3.58,Football / France / Ligue 1,3.8,2.01,10:00 pm,Sun 10/05
Stade Rennais FC,Paris FC,1.53,Football / France / Ligue 1,4.79,5.58,10:00 pm,Sun 10/05
Nautico PE,America FC MG,1.91,Football / Brazil / Brasileiro Serie B,3.32,3.9,10:00 pm,Sun 10/05
CA Guemes,Quilmes AC,2.68,Football / Argentina / Primera Nacional,2.78,2.88,10:00 pm,Sun 10/05
FC Barcelona,Real Madrid,1.83,Football / Spain / LaLiga,4.43,3.75,10:00 pm,Sun 10/05
FC Metz,FC Lorient,3.18,Football / France / Ligue 1,3.72,2.19,10:00 pm,Sun 10/05
Atletico Mineiro MG,Botafogo FR RJ,2.11,Football / Brazil / Brasileiro Serie A,3.39,3.57,10:00 pm,Sun 10/05
Angers SCO,Strasbourg Alsace,3.35,Football / France / Ligue 1,3.47,2.21,10:00 pm,Sun 10/05
Paris Saint-Germain,Stade Brest 29,1.17,Football / France / Ligue 1,8.37,14.87,10:00 pm,Sun 10/05
AS Monaco,Lille OSC,2.41,Football / France / Ligue 1,3.79,2.77,10:00 pm,Sun 10/05
AJ Auxerre,OGC Nice,2.46,Football / France / Ligue 1,3.45,2.92,10:00 pm,Sun 10/05
Toulouse FC,Olympique Lyon,4.43,Football / France / Ligue 1,3.91,1.79,10:00 pm,Sun 10/05
CD Godoy Cruz,CA Racing de Cordoba,1.6,Football / Argentina / Primera Nacional,3.31,6.62,10:30 pm,Sun 10/05
CA Chaco For Ever,Club Ciudad de Bolivar,1.81,Football / Argentina / Primera Nacional,3.02,5.07,10:30 pm,Sun 10/05
San Martin de San Juan,CA Patronato Parana,1.81,Football / Argentina / Primera Nacional,3.02,5.07,10:30 pm,Sun 10/05
Red Bull Bragantino SP Women,Gremio FB Porto Alegrense RS Women,1.64,"Football / Brazil / Campeonato Brasileiro, Women",3.7,4.6,11:00 pm,Sun 10/05
CA Central Norte Salta,Deportivo Madryn,2.42,Football / Argentina / Primera Nacional,2.72,3.35,11:00 pm,Sun 10/05
Comerciantes Unidos,FBC Melgar,2.97,Football / Peru / Primera Division,3.45,2.21,11:15 pm,Sun 10/05
New York City FC,Columbus Crew,2.43,Football / USA / Major League Soccer,3.6,2.7,11:30 pm,Sun 10/05
CS Emelec,Libertad Loja,1.81,Football / Ecuador / LigaPro Primera A,3.35,4.37,11:30 pm,Sun 10/05
Colon de Santa Fe,CA All Boys,1.74,Football / Argentina / Primera Nacional,3.1,5.43,12:00 am,Mon 11/05
SC Corinthians SP,Sao Paulo FC SP,2.19,Football / Brazil / Brasileiro Serie A,3.15,3.63,12:30 am,Mon 11/05
Avai FC SC,Fortaleza EC CE,2.82,Football / Brazil / Brasileiro Serie B,2.97,2.58,12:30 am,Mon 11/05
Santos FC SP,Red Bull Bragantino SP,2.24,Football / Brazil / Brasileiro Serie A,3.41,3.23,12:30 am,Mon 11/05
Mirassol FC SP,Chapecoense SC,1.5,Football / Brazil / Brasileiro Serie A,4.39,6.46,12:30 am,Mon 11/05
Deportivo Saprissa San Jose,Municipal Liberia,1.37,"Football / Costa Rica / Primera Division, Clausura",4.76,7.18,1:00 am,Mon 11/05
Gremio FB Porto Alegrense RS,CR Flamengo RJ,3.97,Football / Brazil / Brasileiro Serie A,3.44,1.97,1:30 am,Mon 11/05
Cusco FC,Los Chankas CYC,1.67,Football / Peru / Primera Division,3.69,4.76,1:30 am,Mon 11/05
Seattle Reign FC Women,Washington Spirit Women,4.43,Football / USA / National Womens Soccer League,3.52,1.72,2:00 am,Mon 11/05
Minnesota United FC,Austin FC,1.71,Football / USA / Major League Soccer,3.9,4.59,2:00 am,Mon 11/05
CF Pachuca,Deportivo Toluca FC,2.96,"Football / Mexico / Primera Division, Clausura",3.59,2.16,2:00 am,Mon 11/05
Manta FC,CSD Macara,3.02,Football / Ecuador / LigaPro Primera A,3.02,2.4,2:10 am,Mon 11/05
CR Vasco da Gama RJ,CA Paranaense PR,2.06,Football / Brazil / Brasileiro Serie A,3.37,3.74,2:30 am,Mon 11/05
Los Angeles FC,Houston Dynamo,1.61,Football / USA / Major League Soccer,4.26,4.93,4:00 am,Mon 11/05
Pumas UNAM,CF America,2.87,"Football / Mexico / Primera Division, Clausura",3.46,2.26,4:15 am,Mon 11/05
FK Akron Tolyatti,FK Rostov,3.06,Football / Russian Federation / Premier League,3.38,2.34,1:00 pm,Mon 11/05
FC Pari Nizhny Novgorod,CSKA Moscow,3.73,Football / Russian Federation / Premier League,3.75,1.94,3:15 pm,Mon 11/05
FK Spartak Moscow,FK Rubin Kazan,1.56,Football / Russian Federation / Premier League,4.14,6.04,5:30 pm,Mon 11/05
Metaloglobus Bucuresti,AFC Hermannstadt,5.22,Football / Romania / Liga I,3.67,1.62,6:00 pm,Mon 11/05
Randers FC,Odense Boldklub,2.31,Football / Denmark / Superliga,3.59,2.96,8:00 pm,Mon 11/05
MKS Cracovia Krakow,RKS Radomiak Radom,2.03,Football / Poland / Ekstraklasa,3.5,3.67,8:00 pm,Mon 11/05
FK Dinamo Moscow,FK Krasnodar,3.38,Football / Russian Federation / Premier League,3.89,2.01,8:00 pm,Mon 11/05
IK Sirius,Orgryte IS,1.29,Football / Sweden / Allsvenskan,6.14,9.09,8:00 pm,Mon 11/05
Egersunds IK,Odds BK,2.51,Football / Norway / 1st Division,3.62,2.46,8:00 pm,Mon 11/05
Fotbal Club FCSB,FC Unirea 2004 Slobozia,1.24,Football / Romania / Liga I,5.61,10.64,9:00 pm,Mon 11/05
EC Vitoria BA Women,EC Juventude RS Women,3.3,"Football / Brazil / Campeonato Brasileiro, Women",3.45,1.98,9:00 pm,Mon 11/05
Deportivo Garcilaso,Alianza Atletico,1.69,Football / Peru / Primera Division,3.45,5.05,9:00 pm,Mon 11/05
SD Huesca,Real Sociedad San Sebastian B,1.88,Football / Spain / LaLiga 2,3.57,4.2,9:30 pm,Mon 11/05
SSC Napoli,Bologna FC,1.57,Football / Italy / Serie A,4.2,6.09,9:45 pm,Mon 11/05
Rayo Vallecano,Girona FC,2.39,Football / Spain / LaLiga,3.48,3.0,10:00 pm,Mon 11/05
Tottenham Hotspur,Leeds United,1.81,Football / England / Premier League,3.96,4.26,10:00 pm,Mon 11/05
Ferro Carril Oeste,CA Defensores de Belgrano,2.06,Football / Argentina / Primera Nacional,2.78,4.29,11:00 pm,Mon 11/05
Sportivo Ameliano,Recoleta FC,2.1,"Football / Paraguay / Division de Honor, Apertura",3.24,3.29,11:45 pm,Mon 11/05
Gremio Novorizontino SP,Botafogo FC SP,1.77,Football / Brazil / Brasileiro Serie B,3.31,4.68,1:00 am,Tue 12/05
CD Palestino,Deportes Limache,2.72,Football / Chile / Copa de la Liga,3.3,2.38,3:00 am,Tue 12/05
Mushuc Runa SC,LDU Quito,2.92,Football / Ecuador / LigaPro Primera A,3.31,2.3,3:00 am,Tue 12/05
SE Palmeiras SP Women,Atletico Mineiro MG Women,1.18,"Football / Brazil / Campeonato Brasileiro, Women",5.6,13.0,3:00 am,Tue 12/05
Sport Boys Association,Universitario de Deportes,3.5,Football / Peru / Primera Division,3.31,2.03,4:30 am,Tue 12/05
RC Celta de Vigo,Levante UD,1.74,Football / Spain / LaLiga,3.96,4.7,8:00 pm,Tue 12/05
Real Betis Seville,Elche CF,1.67,Football / Spain / LaLiga,4.11,5.07,9:00 pm,Tue 12/05
CA Osasuna,Atletico Madrid,2.64,Football / Spain / LaLiga,3.54,2.64,10:30 pm,Tue 12/05
San Martin de Tucuman,Gimnasia y Esgrima de Jujuy,2.21,Football / Argentina / Primera Nacional,2.82,3.65,1:00 am,Wed 13/05
Londrina EC PR,Sao Bernardo FC,2.61,Football / Brazil / Brasileiro Serie B,3.05,2.71,1:30 am,Wed 13/05
SC Internacional RS,Athletic Club Sjdr MG,1.36,Football / Brazil / Copa do Brasil,4.5,8.34,1:30 am,Wed 13/05
Fluminense FC RJ,Operario Ferroviario EC PR,1.3,Football / Brazil / Copa do Brasil,4.67,10.29,3:30 am,Wed 13/05
Cruzeiro EC MG,Goias EC GO,1.35,Football / Brazil / Copa do Brasil,4.66,8.03,3:30 am,Wed 13/05
CA Platense,San Martin de San Juan,1.55,Football / Argentina / Copa Argentina,3.69,6.02,6:00 am,Wed 13/05
FC Ordabasy,Zhetysu Taldykorgan,1.71,Football / Kazakhstan / Kazakhstan Cup,3.75,4.0,4:00 pm,Wed 13/05
FC Zhenis,FC Kyzylzhar SK,2.45,Football / Kazakhstan / Kazakhstan Cup,3.25,2.6,4:00 pm,Wed 13/05
FC Aktobe,FC Altai Oskemen,1.99,Football / Kazakhstan / Kazakhstan Cup,3.5,3.2,4:00 pm,Wed 13/05
Forge FC Hamilton,FC Supra Du Quebec,1.18,Football / Canada / Canadian Premier League,6.18,12.56,6:00 pm,Wed 13/05
Villarreal CF,Sevilla FC,2.05,Football / Spain / LaLiga,3.51,3.73,8:00 pm,Wed 13/05
Espanyol Barcelona,Athletic Bilbao,3.13,Football / Spain / LaLiga,3.43,2.33,8:00 pm,Wed 13/05
FC Universitatea Cluj,CS Universitatea Craiova,2.82,Football / Romania / Romania Cup,3.15,2.34,8:00 pm,Wed 13/05
Lazio Rome,Inter Milano,4.46,Football / Italy / Coppa Italia,3.85,1.8,10:00 pm,Wed 13/05
Racing Club De Lens,Paris Saint-Germain,3.17,Football / France / Ligue 1,4.16,2.07,10:00 pm,Wed 13/05
Manchester City,Crystal Palace,1.28,Football / England / Premier League,6.3,10.2,10:00 pm,Wed 13/05
Deportivo Alaves,FC Barcelona,4.13,Football / Spain / LaLiga,4.26,1.77,10:30 pm,Wed 13/05
Getafe CF,RCD Mallorca,2.12,Football / Spain / LaLiga,3.2,3.9,10:30 pm,Wed 13/05
EC Juventude RS,Sao Paulo FC SP,3.44,Football / Brazil / Copa do Brasil,3.27,2.07,1:00 am,Thu 14/05
CR Vasco da Gama RJ,Paysandu SC PA,1.32,Football / Brazil / Copa do Brasil,4.67,9.44,1:00 am,Thu 14/05
Coritiba FC PR,Santos FC SP,2.41,Football / Brazil / Copa do Brasil,3.21,2.82,1:30 am,Thu 14/05
Mirassol FC SP,Red Bull Bragantino SP,2.19,Football / Brazil / Copa do Brasil,3.12,3.31,2:30 am,Thu 14/05
EC Jacuipense BA,SE Palmeiras SP,14.1,Football / Brazil / Copa do Brasil,6.12,1.18,3:30 am,Thu 14/05
Ceara SC CE,Atletico Mineiro MG,2.57,Football / Brazil / Copa do Brasil,3.25,2.61,3:30 am,Thu 14/05
Clube do Remo PA,EC Bahia BA,3.85,Football / Brazil / Copa do Brasil,3.32,1.93,3:30 am,Thu 14/05
Union Saint-Gilloise,RSC Anderlecht,1.82,Football / Belgium / Beker van Belgie,3.63,3.92,4:00 pm,Thu 14/05
FC Copenhagen,FC Midtjylland,2.7,Football / Denmark / DBU Pokalen,3.49,2.55,6:00 pm,Thu 14/05
Valencia CF,Rayo Vallecano,2.25,Football / Spain / LaLiga,3.55,3.19,8:00 pm,Thu 14/05
Girona FC,Real Sociedad San Sebastian,2.28,Football / Spain / LaLiga,3.67,3.04,9:00 pm,Thu 14/05
Real Madrid,Real Oviedo,1.24,Football / Spain / LaLiga,6.98,10.86,10:30 pm,Thu 14/05
Chapecoense SC,Botafogo FR RJ,3.83,Football / Brazil / Copa do Brasil,3.42,1.9,12:00 am,Fri 15/05
AD Confianca SE,Gremio FB Porto Alegrense RS,5.93,Football / Brazil / Copa do Brasil,3.69,1.56,1:00 am,Fri 15/05
AC Goianiense GO,CA Paranaense PR,3.17,Football / Brazil / Copa do Brasil,3.14,2.24,1:00 am,Fri 15/05
SC Corinthians SP,Barra FC SC,1.23,Football / Brazil / Copa do Brasil,5.29,12.77,1:30 am,Fri 15/05
CR Brasil AL,Fortaleza EC CE,2.44,Football / Brazil / Copa do Brasil,3.15,2.83,2:00 am,Fri 15/05
EC Vitoria BA,CR Flamengo RJ,5.08,Football / Brazil / Copa do Brasil,3.89,1.6,3:30 am,Fri 15/05
Chelsea FC,Manchester City,4.35,Football / England / FA Cup,3.75,1.84,5:00 pm,Sat 16/05
FC Dinamo Bucuresti 1948,FC CFR 1907 Cluj,2.47,Football / Romania / Liga I,3.2,2.76,8:30 pm,Sat 16/05
ACS Champions FC Arges,Rapid Bucuresti 1923,2.63,Football / Romania / Liga I,3.12,2.63,8:30 pm,Sat 16/05
CS Universitatea Craiova,FC Universitatea Cluj,2.22,Football / Romania / Liga I,3.1,3.25,8:30 pm,Sat 16/05
Al Nassr Club,Gamba Osaka,1.36,Football / International / AFC Cup,4.43,7.89,8:45 pm,Sat 16/05
CD O´Higgins,Universidad de Concepcion,2.3,Football / Chile / Primera Division,3.31,2.92,12:30 am,Sun 17/05
SC Internacional RS,CR Vasco da Gama RJ,1.99,Football / Brazil / Brasileiro Serie A,3.43,3.9,12:30 am,Sun 17/05
Atletico Mineiro MG,Mirassol FC SP,1.85,Football / Brazil / Brasileiro Serie A,3.52,4.43,12:30 am,Sun 17/05
Fluminense FC RJ,Sao Paulo FC SP,1.91,Football / Brazil / Brasileiro Serie A,3.49,4.16,2:30 am,Sun 17/05
Deportes Limache,CD Universidad Catolica,3.21,Football / Chile / Primera Division,3.4,2.11,3:00 am,Sun 17/05
SE Palmeiras SP,Cruzeiro EC MG,1.67,Football / Brazil / Brasileiro Serie A,3.73,5.42,3:00 am,Sun 17/05
Manchester United,Nottingham Forest,1.61,Football / England / Premier League,4.5,5.07,2:30 pm,Sun 17/05
Aston Villa,Liverpool FC,3.41,Football / England / Premier League,4.05,2.0,2:30 pm,Sun 17/05
AS Roma,Lazio Rome,1.67,Football / Italy / Serie A,3.96,5.31,4:00 pm,Sun 17/05
Inter Milano,Hellas Verona,1.2,Football / Italy / Serie A,7.27,14.67,4:00 pm,Sun 17/05
Juventus Turin,ACF Fiorentina,1.43,Football / Italy / Serie A,5.08,6.99,4:00 pm,Sun 17/05
Atalanta BC,Bologna FC,1.67,Football / Italy / Serie A,4.22,4.91,4:00 pm,Sun 17/05
Como 1907,Parma Calcio,1.35,Football / Italy / Serie A,5.39,8.69,4:00 pm,Sun 17/05
Sassuolo Calcio,US Lecce,2.34,Football / Italy / Serie A,3.26,3.28,4:00 pm,Sun 17/05
Udinese Calcio,US Cremonese,2.01,Football / Italy / Serie A,3.49,3.9,4:00 pm,Sun 17/05
Pisa SC,SSC Napoli,7.26,Football / Italy / Serie A,4.79,1.44,4:00 pm,Sun 17/05
Cagliari Calcio,Torino FC,2.43,Football / Italy / Serie A,3.01,3.38,4:00 pm,Sun 17/05
Genoa CFC,AC Milan,4.45,Football / Italy / Serie A,3.78,1.81,4:00 pm,Sun 17/05
Wolverhampton Wanderers,Fulham FC,3.62,Football / England / Premier League,3.93,1.96,5:00 pm,Sun 17/05
Leeds United,Brighton & Hove Albion,3.13,Football / England / Premier League,3.46,2.32,5:00 pm,Sun 17/05
Everton FC,Sunderland AFC,1.78,Football / England / Premier League,3.86,4.56,5:00 pm,Sun 17/05
Santos FC SP,Coritiba FC PR,1.94,Football / Brazil / Brasileiro Serie A,3.41,4.12,5:00 pm,Sun 17/05
Brentford FC,Crystal Palace,1.71,Football / England / Premier League,4.44,4.36,5:00 pm,Sun 17/05
FC Baltika Kaliningrad,FK Dinamo Moscow,2.48,Football / Russian Federation / Premier League,3.58,2.73,6:00 pm,Sun 17/05
CSKA Moscow,Lokomotiv Moscow,2.57,Football / Russian Federation / Premier League,3.56,2.62,6:00 pm,Sun 17/05
FK Sochi,RFK Akhmat Grozny,2.57,Football / Russian Federation / Premier League,3.66,2.57,6:00 pm,Sun 17/05
PFK Krylia Sovetov Samara,FK Akron Tolyatti,2.17,Football / Russian Federation / Premier League,3.5,3.3,6:00 pm,Sun 17/05
FK Krasnodar,FC Orenburg,1.32,Football / Russian Federation / Premier League,5.56,9.04,6:00 pm,Sun 17/05
FK Rostov,FK Zenit Saint Petersburg,8.11,Football / Russian Federation / Premier League,4.77,1.39,6:00 pm,Sun 17/05
FC Dynamo-Makhachkala,FK Spartak Moscow,4.2,Football / Russian Federation / Premier League,3.6,1.87,6:00 pm,Sun 17/05
FK Rubin Kazan,FC Pari Nizhny Novgorod,2.02,Football / Russian Federation / Premier League,3.6,3.6,6:00 pm,Sun 17/05
Southend United,Wealdstone FC,1.77,Football / England / FA Trophy,3.64,4.18,6:30 pm,Sun 17/05
Newcastle United,West Ham United,1.98,Football / England / Premier League,3.86,3.63,7:30 pm,Sun 17/05
Huachipato,Deportes Union La Calera,1.88,Football / Chile / Primera Division,3.22,4.2,7:30 pm,Sun 17/05
Atletico Ottawa,HFX Wanderers FC,1.91,Football / Canada / Canadian Premier League,3.53,3.53,8:00 pm,Sun 17/05
Sevilla FC,Real Madrid,4.11,Football / Spain / LaLiga,4.26,1.78,10:00 pm,Sun 17/05
Atletico Madrid,Girona FC,1.56,Football / Spain / LaLiga,4.64,5.42,10:00 pm,Sun 17/05
Real Oviedo,Deportivo Alaves,2.58,Football / Spain / LaLiga,3.41,2.79,10:00 pm,Sun 17/05
Cobresal,Universidad de Chile,3.79,Football / Chile / Primera Division,3.35,1.93,10:00 pm,Sun 17/05
Rayo Vallecano,Villarreal CF,2.37,Football / Spain / LaLiga,3.63,2.92,10:00 pm,Sun 17/05
FC Barcelona,Real Betis Seville,1.33,Football / Spain / LaLiga,6.14,7.93,10:00 pm,Sun 17/05
Elche CF,Getafe CF,2.31,Football / Spain / LaLiga,3.2,3.41,10:00 pm,Sun 17/05
CA Osasuna,Espanyol Barcelona,1.99,Football / Spain / LaLiga,3.5,3.98,10:00 pm,Sun 17/05
Botafogo FR RJ,SC Corinthians SP,2.09,Football / Brazil / Brasileiro Serie A,3.35,3.66,10:00 pm,Sun 17/05
EC Bahia BA,Gremio FB Porto Alegrense RS,1.84,Football / Brazil / Brasileiro Serie A,3.56,4.41,10:00 pm,Sun 17/05
Real Sociedad San Sebastian,Valencia CF,1.98,Football / Spain / LaLiga,3.63,3.84,10:00 pm,Sun 17/05
Levante UD,RCD Mallorca,2.23,Football / Spain / LaLiga,3.43,3.33,10:00 pm,Sun 17/05
Athletic Bilbao,RC Celta de Vigo,1.83,Football / Spain / LaLiga,3.76,4.4,10:00 pm,Sun 17/05
Pacific FC,Inter Toronto FC,3.32,Football / Canada / Canadian Premier League,3.46,2.0,12:00 am,Mon 18/05
Colo-Colo,Nublense,1.64,Football / Chile / Primera Division,3.49,5.43,12:30 am,Mon 18/05
Chapecoense SC,Clube do Remo PA,2.27,Football / Brazil / Brasileiro Serie A,3.31,3.25,12:30 am,Mon 18/05
Red Bull Bragantino SP,EC Vitoria BA,1.75,Football / Brazil / Brasileiro Serie A,3.62,4.94,12:30 am,Mon 18/05
CD Palestino,Deportes La Serena,1.82,Football / Chile / Primera Division,3.45,4.18,1:00 am,Mon 18/05
Coquimbo Unido,Audax Italiano,1.75,Football / Chile / Primera Division,3.55,4.38,1:00 am,Mon 18/05
CA Paranaense PR,CR Flamengo RJ,3.76,Football / Brazil / Brasileiro Serie A,3.4,2.04,1:30 am,Mon 18/05
Deportes Concepcion,CD Everton Vina del Mar,2.38,Football / Chile / Primera Division,3.21,2.87,3:00 am,Mon 18/05
Vancouver FC,Cavalry FC,4.43,Football / Canada / Canadian Premier League,3.66,1.69,4:00 am,Mon 18/05
Arsenal FC,Burnley FC,1.12,Football / England / Premier League,9.76,22.18,10:00 pm,Mon 18/05
FK Jablonec,MFK Karvina,1.98,Football / Czech Republic / Cup,3.18,3.71,9:00 pm,Wed 20/05
Racing Club De Lens,OGC Nice,1.81,Football / France / Coupe de France,3.96,4.27,10:00 pm,Fri 22/05
Celtic Glasgow,Dunfermline Athletic FC,1.19,Football / Scotland / Scottish Cup,6.31,10.91,5:00 pm,Sat 23/05
FC Barcelona Women,Olympique Lyon Women,1.29,Football / International / UEFA Champions League Women,5.24,8.73,7:00 pm,Sat 23/05
Bayern Munich,VfB Stuttgart,1.34,Football / Germany / DFB Pokal,6.02,7.73,9:00 pm,Sat 23/05
Sporting CP,SCU Torreense,1.12,Football / Portugal / Taca de Portugal,7.78,17.5,7:15 pm,Sun 24/05
Mexico,South Africa,1.53,Football / International / FIFA World Cup,4.35,6.38,10:00 pm,Thu 11/06
Korea Republic,Czechia,2.75,Football / International / FIFA World Cup,3.22,2.74,5:00 am,Fri 12/06
Canada,Bosnia and Herzegovina,1.84,Football / International / FIFA World Cup,3.75,4.34,10:00 pm,Fri 12/06
USA,Paraguay,2.06,Football / International / FIFA World Cup,3.55,3.65,4:00 am,Sat 13/06
Qatar,Switzerland,10.24,Football / International / FIFA World Cup,5.83,1.3,10:00 pm,Sat 13/06
Brazil,Morocco,1.6,Football / International / FIFA World Cup,4.17,5.71,1:00 am,Sun 14/06
Haiti,Scotland,7.2,Football / International / FIFA World Cup,4.83,1.44,4:00 am,Sun 14/06
Australia,Turkiye,4.34,Football / International / FIFA World Cup,3.69,1.86,7:00 am,Sun 14/06
Germany,Curacao,1.02,Football / International / FIFA World Cup,22.87,53.5,8:00 pm,Sun 14/06
Netherlands,Japan,2.06,Football / International / FIFA World Cup,3.65,3.56,11:00 pm,Sun 14/06
Ivory Coast,Ecuador,3.29,Football / International / FIFA World Cup,3.13,2.4,2:00 am,Mon 15/06
Sweden,Tunisia,2.0,Football / International / FIFA World Cup,3.4,4.08,5:00 am,Mon 15/06
Spain,Cape Verde,1.08,Football / International / FIFA World Cup,11.72,30.79,7:00 pm,Mon 15/06
Belgium,Egypt,1.67,Football / International / FIFA World Cup,4.08,5.12,10:00 pm,Mon 15/06
Saudi Arabia,Uruguay,6.3,Football / International / FIFA World Cup,4.32,1.54,1:00 am,Tue 16/06
IR Iran,New Zealand,1.78,Football / International / FIFA World Cup,3.74,4.71,4:00 am,Tue 16/06
France,Senegal,1.47,Football / International / FIFA World Cup,4.62,6.96,10:00 pm,Tue 16/06
Iraq,Norway,10.95,Football / International / FIFA World Cup,6.15,1.27,1:00 am,Wed 17/06
Argentina,Algeria,1.44,Football / International / FIFA World Cup,4.67,7.68,4:00 am,Wed 17/06
Austria,Jordan,1.36,Football / International / FIFA World Cup,5.39,8.54,7:00 am,Wed 17/06
Portugal,Congo DR,1.31,Football / International / FIFA World Cup,5.76,9.9,8:00 pm,Wed 17/06
England,Croatia,1.71,Football / International / FIFA World Cup,3.95,4.94,11:00 pm,Wed 17/06
Ghana,Panama,2.09,Football / International / FIFA World Cup,3.55,3.58,2:00 am,Thu 18/06
Uzbekistan,Colombia,7.55,Football / International / FIFA World Cup,4.79,1.43,5:00 am,Thu 18/06
