homeTeam,awayTeam,league,drawOdds,awayOdds,homeOdds,Time,Date
Deportes Copiapo,Union Espanola,Football / Chile / Primera B,3.31,2.78,2.34,3:00 am,Tue 26/05
SD Aucas,Manta FC,Football / Ecuador / LigaPro Primera A,4.61,8.83,6.72,3:00 am,Tue 26/05
SC Corinthians SP Women,Mixto EC MT Women,"Football / Brazil / Campeonato Brasileiro, Women",10.0,30.0,20.0,3:00 am,Tue 26/05
Real Cartagena FC,Envigado FC,Football / Colombia / Primera B,3.15,4.11,1.89,4:00 am,Tue 26/05
Taian Tiankuang,Dalian Kewei,Football / China / China League 2,2.95,3.6,2.1,10:30 am,Tue 26/05
Shenzhen 2028 FC,Wenzhou Professional FC,Football / China / China League 2,3.14,3.69,2.0,11:00 am,Tue 26/05
Shanghai Port B,Lanzhou Longyuan Athletic,Football / China / China League 2,3.5,4.8,1.68,11:00 am,Tue 26/05
Logan Lightning Women,Palm Beach SC Women,"Football / Australia / Queensland Premier League 1, Women",4.3,2.07,2.68,12:30 pm,Tue 26/05
Hangzhou Linping Wuyue,Hubei Istar,Football / China / China League 2,2.99,2.34,3.04,2:30 pm,Tue 26/05
Chengdu Rongcheng B,Guizhou Guiyang Athletic,Football / China / China League 2,3.15,2.0,3.6,2:35 pm,Tue 26/05
Cape Town City FC,Milford FC,Football / South Africa / Premier Soccer League,3.18,3.85,1.98,4:00 pm,Tue 26/05
Vaasan Palloseura,FC Haka Valkeakoski,Football / Finland / Suomen Cup,4.58,5.92,1.42,6:00 pm,Tue 26/05
Club Yanapuma Women,Club Alianza Lima Women,Football / Peru / Liga Femenina,8.49,1.1,13.2,6:00 pm,Tue 26/05
IFK Mariehamn,FC Lahti,Football / Finland / Suomen Cup,3.49,1.81,4.01,6:00 pm,Tue 26/05
FS Jelgava,FK Liepaja,Football / Latvia / Virsliga,3.61,1.9,3.61,6:00 pm,Tue 26/05
Ararat Yerevan FC,FC BKMA Yerevan,Football / Armenia / Premier League,3.38,2.7,2.41,6:00 pm,Tue 26/05
FC Alashkert Yerevan,FC Shirak Gyumri,Football / Armenia / Premier League,5.38,9.02,1.28,6:00 pm,Tue 26/05
JaPS,Kuopion Palloseura,Football / Finland / Suomen Cup,6.51,1.18,11.49,6:30 pm,Tue 26/05
FC Honka,VJS,Football / Finland / Suomen Cup,3.76,2.06,2.95,7:00 pm,Tue 26/05
Roea Women,Aalesund FK Women,"Football / Norway / Toppserien, Women",3.71,1.79,3.95,7:00 pm,Tue 26/05
Lyn 1896 FK II,Drobak-Frogn,Football / Norway / 3rd Division Group 6,4.3,4.0,1.62,7:00 pm,Tue 26/05
Stroemsgodset 2,Lillestrom SK 2,Football / Norway / 3rd Division Group 5,4.4,3.6,1.69,7:00 pm,Tue 26/05
Stabaek Fotball Women,Haugesund Women,"Football / Norway / Toppserien, Women",3.96,4.35,1.67,7:00 pm,Tue 26/05
BK Olympic,Ariana FC,Football / Sweden / Svenska Cup,3.76,2.11,2.85,7:00 pm,Tue 26/05
SK Herd,Aalesund FK 2,Football / Norway / 3rd Division Group 2,5.4,6.2,1.32,7:00 pm,Tue 26/05
FC Banik Ostrava,FC Silon Taborsko,Football / Czech Republic / 1. Liga,6.16,10.65,8.41,7:00 pm,Tue 26/05
Molde FK Women,Rosenborg BK Kvinner Women,"Football / Norway / Toppserien, Women",4.82,1.38,6.75,7:00 pm,Tue 26/05
Vaalerenga Oslo Women,Bodoe/Glimt Women,"Football / Norway / Toppserien, Women",16.36,97.22,56.79,7:00 pm,Tue 26/05
Brodd,Odds BK 2,Football / Norway / 3rd Division Group 4,4.7,4.7,1.49,7:00 pm,Tue 26/05
SK Brann Women,Lyn Women,"Football / Norway / Toppserien, Women",7.67,15.33,1.13,7:00 pm,Tue 26/05
BFC Daugavpils,FK Auda Riga,Football / Latvia / Virsliga,3.61,1.92,3.56,7:00 pm,Tue 26/05
LSK Kvinner FK Women,Hoenefoss BK Women,"Football / Norway / Toppserien, Women",4.33,5.01,1.54,7:00 pm,Tue 26/05
Defensa Y Justicia Reserve,Independiente Reserve,"Football / Argentina / Liga Profesional, Reserves",3.17,3.13,2.2,7:30 pm,Tue 26/05
HSK Zrinjski Mostar,FK Velez Mostar,Football / Bosnia and Herzegovina / Premijer Liga,3.82,5.92,1.52,8:00 pm,Tue 26/05
FC Badalona Women,Real Madrid Women,Football / Spain / Primera Division Women,4.68,1.38,6.49,8:00 pm,Tue 26/05
Orebro SK,Helsingborgs IF,Football / Sweden / Superettan,3.37,3.03,2.2,8:00 pm,Tue 26/05
Alhama CF Women,Levante UD Women,Football / Spain / Primera Division Women,3.34,2.96,2.21,8:00 pm,Tue 26/05
Aasane Fotball 2,Gneist,Football / Norway / 3rd Division Group 3,4.2,3.95,1.64,8:00 pm,Tue 26/05
Cdef Logrono Women,Athletic Bilbao Women,Football / Spain / Primera Division Women,3.38,1.92,3.67,8:00 pm,Tue 26/05
Sevilla FC Women,SD Eibar Women,Football / Spain / Primera Division Women,3.25,3.29,2.09,8:00 pm,Tue 26/05
Granada CF Women,Madrid CFF Women,Football / Spain / Primera Division Women,3.48,2.67,2.34,8:00 pm,Tue 26/05
Gil Vicente FC U23,Santa Clara U23,Football / Portugal / U23 Taca Revelacao,3.82,4.11,1.71,8:00 pm,Tue 26/05
Hapoel Be`er Sheva FC,Maccabi Tel Aviv FC,Football / Israel / Israel Cup,3.59,3.12,2.0,8:30 pm,Tue 26/05
Tofta Itrottarfelag B68,HB Torshavn,Football / Faroe Islands / Premier League,0.0,0.0,0.0,8:30 pm,Tue 26/05
Fluminense FC RJ U20,Cruzeiro EC MG U20,Football / Brazil / U20 Campeonato Brasileiro,3.26,2.84,2.27,9:00 pm,Tue 26/05
San Martin de San Juan Reserve,Colon de Santa Fe Reserve,"Football / Argentina / Liga Profesional, Reserves",3.88,1.6,4.84,9:00 pm,Tue 26/05
Inhumas EC GO U20,AA Aparecidense GO U20,"Football / Brazil / U20 Goiano, 1. Divisao",3.4,2.87,2.1,9:00 pm,Tue 26/05
Bangor GG FC,St. Mochtas,Football / Ireland / Ireland Leinster Senior League,0.0,0.0,0.0,9:00 pm,Tue 26/05
CA Huracan,Ferro Carril Oeste,"Football / Argentina / Liga Profesional, Reserves",3.49,5.58,1.6,9:00 pm,Tue 26/05
Racing Club Avellaneda,CA Tigre Reserve,"Football / Argentina / Liga Profesional, Reserves",3.5,4.62,1.7,9:00 pm,Tue 26/05
Estudiantes de Rio Cuarto Reserve,Boca Juniors,"Football / Argentina / Liga Profesional, Reserves",4.86,1.28,9.48,9:00 pm,Tue 26/05
Argentinos Juniors Reserve,CA Banfield,"Football / Argentina / Liga Profesional, Reserves",3.64,4.61,1.67,9:00 pm,Tue 26/05
Greuther Furth,Rot-Weiss Essen,Football / Germany / 2nd Bundesliga,4.08,4.14,4.11,9:30 pm,Tue 26/05
CSD Flandria,Arsenal de Sarandi,Football / Argentina / Primera B,2.94,2.1,3.8,9:30 pm,Tue 26/05
Deportivo Camioneros,CA Villa San Carlos,Football / Argentina / Primera B,3.03,4.13,1.97,9:30 pm,Tue 26/05
Nigeria,Zimbabwe,Football / International / Int. Friendly Games,4.02,6.25,1.56,9:30 pm,Tue 26/05
CS Dock Sud,Real Pilar FC,Football / Argentina / Primera B,2.6,2.6,3.22,9:30 pm,Tue 26/05
CD Armenio,Argentino de Merlo,Football / Argentina / Primera B,2.78,2.5,3.12,9:30 pm,Tue 26/05
AS Saint-Etienne,OGC Nice,Football / France / Ligue 1,3.66,3.04,3.35,9:45 pm,Tue 26/05
Atletico Madrid Women,CD Tenerife Women,Football / Spain / Primera Division Women,3.78,4.5,1.66,10:00 pm,Tue 26/05
Stjarnan Gardabae,Vikingur Reykjavik,Football / Iceland / Besta deild,4.52,1.54,4.8,10:15 pm,Tue 26/05
KR Reykjavik,Valur Reykjavik,Football / Iceland / Besta deild,5.02,4.44,1.53,10:15 pm,Tue 26/05
Real Cundinamarca,Aguilas Doradas Rionegro,Football / Colombia / Copa Colombia,3.0,2.33,3.05,11:30 pm,Tue 26/05
Deportivo Pereira FC SA,Jaguares de Cordoba,Football / Colombia / Copa Colombia,3.01,3.1,2.3,11:30 pm,Tue 26/05
CA Lanus,Mirassol FC SP,Football / International / Copa Libertadores,3.25,4.83,1.87,1:00 am,Wed 27/05
LDU Quito,Always Ready,Football / International / Copa Libertadores,5.45,7.97,1.35,1:00 am,Wed 27/05
Gremio FB Porto Alegrense RS,Montevideo City Torque,Football / International / Copa Sudamericana,4.24,6.36,1.46,1:00 am,Wed 27/05
CD Palestino,Deportivo Riestra AFBC,Football / International / Copa Sudamericana,3.13,3.13,2.26,1:00 am,Wed 27/05
Sao Paulo FC SP,CA Boston River,Football / International / Copa Sudamericana,7.13,13.48,1.16,1:00 am,Wed 27/05
Deportivo Merlo,CSD Liniers,Football / Argentina / Primera B,2.98,3.51,2.17,1:00 am,Wed 27/05
CA Brown de Adrogue,CA Talleres de Remedios,Football / Argentina / Primera B,2.75,2.55,3.08,1:00 am,Wed 27/05
Millonarios FC,CD O´Higgins,Football / International / Copa Sudamericana,3.72,5.22,1.61,1:00 am,Wed 27/05
Club Comunicaciones,CD UAI Urquiza,Football / Argentina / Primera B,3.03,3.85,2.04,1:00 am,Wed 27/05
CA Ituzaingo,CSCD Laferrere,Football / Argentina / Primera B,2.93,2.64,2.78,1:30 am,Wed 27/05
New England Mutiny Women,Vermont Green Women,Football / USA / USL W League,4.2,1.5,5.2,2:00 am,Wed 27/05
Kalamazoo FC Women,Midwest United FC Women,Football / USA / USL W League,3.5,2.65,2.29,2:00 am,Wed 27/05
Edgewater Castle Women,River Light FC Women,Football / USA / USL W League,3.55,2.75,2.18,3:00 am,Wed 27/05
Universitario de Deportes,CD Tolima,Football / International / Copa Libertadores,3.27,4.31,1.95,3:30 am,Wed 27/05
Club Nacional de Football,Coquimbo Unido,Football / International / Copa Libertadores,3.38,4.62,1.86,3:30 am,Wed 27/05
Estudiantes de La Plata,Independiente Medellin,Football / International / Copa Libertadores,3.82,6.05,1.6,3:30 am,Wed 27/05
CR Flamengo RJ,Cusco FC,Football / International / Copa Libertadores,11.01,26.31,1.09,3:30 am,Wed 27/05
CA San Lorenzo de Almagro,Recoleta FC,Football / International / Copa Sudamericana,4.42,9.03,1.35,3:30 am,Wed 27/05
Santos FC SP,CD Cuenca,Football / International / Copa Sudamericana,4.82,7.91,1.34,3:30 am,Wed 27/05
Yeoju FC,FC Sejong,Football / Republic of Korea / Korea Republic K3/K4 Championship,4.17,5.82,1.47,10:00 am,Wed 27/05
Geoje FC,Jecheon Citizen FC,Football / Republic of Korea / Korea Republic K3/K4 Championship,3.7,4.13,1.73,10:00 am,Wed 27/05
Gijang United,Busan Transportation Corporation,Football / Republic of Korea / Korea Republic K3/K4 Championship,4.49,1.37,7.33,10:00 am,Wed 27/05
Gyeongju KHNP,Jinju Citizen FC,Football / Republic of Korea / Korea Republic K3/K4 Championship,3.51,2.78,2.24,1:00 pm,Wed 27/05
The Gap FC Women,Virginia United Women,"Football / Australia / Queensland Premier League 1, Women",4.48,4.48,1.55,1:30 pm,Wed 27/05
FC Pyunik Yerevan,FC Van Charentsavan,Football / Armenia / Premier League,4.62,7.89,1.36,6:00 pm,Wed 27/05
FC Urartu Yerevan,FC Noah Yerevan,Football / Armenia / Premier League,3.7,1.71,4.43,6:00 pm,Wed 27/05
HJK Klubi 04,PK-35 Helsinki,Football / Finland / Ykkosliiga,3.37,2.03,3.42,7:00 pm,Wed 27/05
SK Artis Brno,1. FC Slovacko Uherske Hradiste,Football / Czech Republic / 1. Liga,3.3,2.33,3.15,7:00 pm,Wed 27/05
AIK DFF Women,Hacken Gothenburg Women,Football / Sweden / Damallsvenskan,4.57,1.37,7.05,8:00 pm,Wed 27/05
Union Brescia,US Salernitana,"Football / Italy / Serie C, Promotion Playoffs",3.25,2.87,2.3,9:00 pm,Wed 27/05
Jamaica,India,Football / International / Int. Friendly Games,4.23,7.21,1.48,9:30 pm,Wed 27/05
Argentino de Quilmes,CA Excursionistas,Football / Argentina / Primera B,2.88,2.55,2.93,9:30 pm,Wed 27/05
CS Italiano,CSD San Martin,Football / Argentina / Primera B,3.03,4.23,1.95,9:30 pm,Wed 27/05
Crystal Palace,Rayo Vallecano,Football / International / UEFA Conference League,3.48,4.26,3.87,10:00 pm,Wed 27/05
Calcio Catania,Ascoli Calcio 1898,"Football / Italy / Serie C, Promotion Playoffs",3.19,3.19,2.16,10:00 pm,Wed 27/05
Atletico Mineiro MG,Academia Puerto Cabello,Football / International / Copa Sudamericana,5.39,10.58,1.25,1:00 am,Thu 28/05
Cienciano,CA Juventud de Las Piedras,Football / International / Copa Sudamericana,3.95,5.39,1.56,1:00 am,Thu 28/05
Caracas FC,Botafogo FR RJ,Football / International / Copa Sudamericana,3.13,2.16,3.37,1:00 am,Thu 28/05
CR Vasco da Gama RJ,CA Barracas Central,Football / International / Copa Sudamericana,4.99,8.06,1.32,1:00 am,Thu 28/05
Racing Club Avellaneda,Independiente Petrolero,Football / International / Copa Sudamericana,10.56,25.93,1.06,1:00 am,Thu 28/05
Chapecoense SC,Gremio Novorizontino SP,Football / Brazil / Copa Sul-Sudeste,2.97,4.48,1.85,1:00 am,Thu 28/05
Club Olimpia,Audax Italiano,Football / International / Copa Sudamericana,3.93,5.18,1.58,1:00 am,Thu 28/05
Libertad Asuncion,UCV FC,Football / International / Copa Libertadores,5.05,7.6,1.39,1:00 am,Thu 28/05
CSD Independiente del Valle,CA Rosario Central,Football / International / Copa Libertadores,3.46,4.15,1.92,1:00 am,Thu 28/05
Avai FC SC,Volta Redonda FC RJ,Football / Brazil / Copa Sul-Sudeste,3.61,4.88,1.62,1:00 am,Thu 28/05
Sporting Jax,San Antonio FC,Football / USA / USL Championship,3.41,2.06,3.31,2:30 am,Thu 28/05
SC Corinthians SP,CA Platense,Football / International / Copa Libertadores,3.49,5.51,1.72,3:30 am,Thu 28/05
CA River Plate (ARG),Blooming Santa Cruz,Football / International / Copa Sudamericana,10.61,28.94,1.05,3:30 am,Thu 28/05
Red Bull Bragantino SP,Carabobo FC,Football / International / Copa Sudamericana,4.82,9.64,1.3,3:30 am,Thu 28/05
Club Bolivar,Independiente Rivadavia,Football / International / Copa Libertadores,3.54,2.66,2.55,3:30 am,Thu 28/05
SC Recife PE,Fortaleza EC CE,Football / Brazil / Copa do Nordeste,3.38,2.86,2.25,3:30 am,Thu 28/05
ABC FC RN,EC Vitoria BA,Football / Brazil / Copa do Nordeste,3.38,2.02,3.34,3:30 am,Thu 28/05
CA Penarol Montevideo,Independiente Santa Fe,Football / International / Copa Libertadores,3.36,4.3,1.92,3:30 am,Thu 28/05
Fluminense FC RJ,Deportivo La Guaira,Football / International / Copa Libertadores,8.55,17.43,1.14,3:30 am,Thu 28/05
FK Atyrau,Tobol Kostanay,Football / Kazakhstan / Premier League,4.06,1.89,3.29,4:00 pm,Thu 28/05
FK Septemvri Sofia,FC Yantra Gabrovo,Football / Bulgaria / Parva Liga,4.04,5.58,1.53,5:00 pm,Thu 28/05
Ismaily SC,Pharco FC,Football / Egypt / Premier League,2.75,2.75,2.84,5:00 pm,Thu 28/05
Talaea El Gaish,Wadi Degla SC,Football / Egypt / Premier League,2.69,3.32,2.45,5:00 pm,Thu 28/05
Petrojet FC,El Gouna FC,Football / Egypt / Premier League,2.8,3.33,2.37,5:00 pm,Thu 28/05
FK Jablonec B,N. Byskovice,Football / Czech Republic / CFL,3.54,3.16,1.99,6:00 pm,Thu 28/05
Chrobry Glogow,LKS Lodz,Football / Poland / I Liga,3.28,2.25,3.04,6:30 pm,Thu 28/05
FCM Traiskirchen,SC Neusiedl am See 1919,Football / Austria / Regionalliga East,4.3,5.0,1.5,8:00 pm,Thu 28/05
Red Bull Bragantino SP U20,SC Corinthians SP U20,Football / Brazil / U20 Campeonato Brasileiro,3.87,4.24,1.65,9:00 pm,Thu 28/05
Wieczysta Krakow,Polonia Warszawa,Football / Poland / I Liga,3.66,3.51,1.92,9:30 pm,Thu 28/05
Casa Pia Lisbon,SCU Torreense,Football / Portugal / Liga Portugal,3.25,2.75,2.7,10:00 pm,Thu 28/05
Cerro Porteno,Sporting Cristal,Football / International / Copa Libertadores,3.74,5.47,1.67,1:00 am,Fri 29/05
SE Palmeiras SP,CD Junior FC,Football / International / Copa Libertadores,5.86,12.18,1.25,1:00 am,Fri 29/05
Cruzeiro EC MG,Barcelona SC,Football / International / Copa Libertadores,5.6,12.22,1.27,3:30 am,Fri 29/05
America de Cali,CSD Macara,Football / International / Copa Sudamericana,3.52,5.4,1.64,3:30 am,Fri 29/05
CA Tigre,Alianza Atletico,Football / International / Copa Sudamericana,5.17,10.53,1.26,3:30 am,Fri 29/05
Boca Juniors,CD Universidad Catolica,Football / International / Copa Libertadores,4.44,7.96,1.43,3:30 am,Fri 29/05
Liaoning Tieren FC,Shanghai Port FC,Football / China / Chinese Super League,3.78,2.7,2.41,2:35 pm,Fri 29/05
Al Mokawloon Al Arab,Modern Sport FC,Football / Egypt / Premier League,2.79,3.27,2.4,5:00 pm,Fri 29/05
Zed FC,Kahrabaa Ismailia,Football / Egypt / Premier League,3.09,3.62,2.08,5:00 pm,Fri 29/05
FK Babrungas Plunge,FK Minija 2017,Football / Lithuania / 1 Lyga,3.4,2.38,2.47,6:00 pm,Fri 29/05
Riga FC,Grobinas SC/LFS,Football / Latvia / Virsliga,7.33,15.43,1.14,6:00 pm,Fri 29/05
FK Fap,RFK Graficar Beograd,Football / Serbia / Prva Liga,3.0,2.6,2.6,6:00 pm,Fri 29/05
Abo IFK Turku,Musan Salama,Football / Finland / Kakkonen,6.47,10.79,1.19,6:30 pm,Fri 29/05
Grankulla IFK,P-Iirot,Football / Finland / Kakkonen,3.93,2.37,2.41,6:30 pm,Fri 29/05
FC Haka Valkeakoski,JIPPO,Football / Finland / Ykkosliiga,3.13,3.57,2.08,6:30 pm,Fri 29/05
Myllykosken Pallo -47,PEPO Lappeenranta,Football / Finland / Kakkonen,4.22,1.97,2.89,6:30 pm,Fri 29/05
FC KTP Kotka,SJK Akatemia,Football / Finland / Ykkosliiga,5.39,7.7,1.31,6:30 pm,Fri 29/05
Dfk Dainava Alytus,FK Ekranas,Football / Lithuania / 1 Lyga,3.77,4.8,1.55,7:00 pm,Fri 29/05
Tampereen Ilves 2,HJS,Football / Finland / Kakkonen,4.02,2.94,1.99,7:00 pm,Fri 29/05
Nurmijarven Jalkapalloseura,FC Honka,Football / Finland / Kakkonen,9.81,1.06,22.57,7:00 pm,Fri 29/05
Union Plaani,FC Kiffen,Football / Finland / Kakkonen,4.13,1.78,3.49,7:00 pm,Fri 29/05
Apollon Limassol,Pafos FC,Football / Cyprus / Cyprus Cup,3.15,2.91,2.33,7:00 pm,Fri 29/05
FC Nomme United,Tallinna FC Flora,Football / Estonia / Premium Liiga,4.52,1.47,5.58,7:00 pm,Fri 29/05
KaPa Kapylan Pallo,JaPS,Football / Finland / Ykkosliiga,3.27,2.74,2.45,7:00 pm,Fri 29/05
FK Garliava,FA Siauliai B,Football / Lithuania / 1 Lyga,5.08,7.04,1.28,7:30 pm,Fri 29/05
PFC Ludogorets 1945 Razgrad,PFC Lokomotiv Plovdiv,Football / Bulgaria / Parva Liga,4.72,7.9,1.35,7:30 pm,Fri 29/05
Landvetter IS,Qviding FIF,Football / Sweden / Division 2,3.99,3.59,1.75,8:00 pm,Fri 29/05
Skara FC,IFK Skovde FK,Football / Sweden / Division 2,3.69,2.12,2.79,8:00 pm,Fri 29/05
SK Brann,Sarpsborg 08,Football / Norway / Eliteserien,4.44,4.51,1.63,8:00 pm,Fri 29/05
KFUM Oslo,Tromsoe IL,Football / Norway / Eliteserien,3.46,2.34,2.91,8:00 pm,Fri 29/05
Fredrikstad FK,IK Start,Football / Norway / Eliteserien,4.0,4.14,1.76,8:00 pm,Fri 29/05
Vaxjo Norra,Rappe GOIF,Football / Sweden / Division 2,3.85,4.1,1.68,8:00 pm,Fri 29/05
Nacka FC,Nykopings BIS,Football / Sweden / Division 2,3.69,2.46,2.36,8:00 pm,Fri 29/05
FC Iberia 1999,FC Dinamo Batumi,Football / Georgia / Erovnuli Liga,4.04,6.02,1.46,8:00 pm,Fri 29/05
National Bank of Egypt SC,Al Ittihad Al Sakandary,Football / Egypt / Premier League,3.08,4.04,1.97,8:00 pm,Fri 29/05
Ghazl El Mahallah,Haras El Hodood,Football / Egypt / Premier League,2.65,3.22,2.55,8:00 pm,Fri 29/05
SK Super Nova,FC RFS,Football / Latvia / Virsliga,5.24,1.27,9.71,8:00 pm,Fri 29/05
Galtabacks BK,Lindome GIF,Football / Sweden / Division 2,3.9,2.7,2.1,8:00 pm,Fri 29/05
Torns IF,Linero IF,Football / Sweden / Division 2,3.7,2.25,2.6,8:00 pm,Fri 29/05
Vaalerenga IF,Kristiansund BK,Football / Norway / Eliteserien,4.67,5.39,1.51,8:00 pm,Fri 29/05
Orgryte IS,IF Elfsborg,Football / Sweden / Allsvenskan,3.85,1.82,4.14,8:00 pm,Fri 29/05
Aalesunds FK,HamKam,Football / Norway / Eliteserien,3.67,3.29,2.07,8:00 pm,Fri 29/05
Rosenborg BK,Bodoe/Glimt,Football / Norway / Eliteserien,4.89,1.51,5.2,8:00 pm,Fri 29/05
Vanersborgs FK,Grebbestads IF,Football / Sweden / Division 2,3.45,2.55,2.37,8:15 pm,Fri 29/05
Skala IF,07 Vestur Sorvagur,Football / Faroe Islands / Premier League,3.54,3.06,2.08,8:30 pm,Fri 29/05
Hestrafors IF,IF Boljan Falkenberg,Football / Sweden / Division 2,3.7,2.9,2.06,8:30 pm,Fri 29/05
Lidkopings FK,IF Karlstad Fotbollutveckling,Football / Sweden / Division 2,3.59,2.89,2.1,8:30 pm,Fri 29/05
IFK Berga,Solvesborgs GIF,Football / Sweden / Division 2,3.69,2.9,2.07,8:30 pm,Fri 29/05
FC Dinamo Bucuresti 1948,Fotbal Club FCSB,Football / Romania / Liga I,3.29,2.8,2.39,8:30 pm,Fri 29/05
AC Monza,US Catanzaro,Football / Italy / Serie B,4.0,4.45,1.74,9:00 pm,Fri 29/05
Longford Town FC,Treaty United,Football / Ireland / First Division,3.15,2.86,2.37,9:45 pm,Fri 29/05
Bray Wanderers AFC,Wexford FC,Football / Ireland / First Division,3.28,2.95,2.24,9:45 pm,Fri 29/05
University College Dublin,Athlone Town AFC,Football / Ireland / First Division,3.52,4.19,1.76,9:45 pm,Fri 29/05
Cobh Ramblers,Kerry FC,Football / Ireland / First Division,3.29,3.05,2.18,9:45 pm,Fri 29/05
Cork City FC,Finn Harps FC,Football / Ireland / First Division,5.53,10.48,1.23,9:45 pm,Fri 29/05
Drogheda United FC,Waterford FC,Football / Ireland / Premier Division,3.7,3.94,1.8,9:45 pm,Fri 29/05
Shelbourne FC,Galway United FC,Football / Ireland / Premier Division,3.66,4.34,1.73,9:45 pm,Fri 29/05
Dundalk FC,Derry City FC,Football / Ireland / Premier Division,3.41,2.89,2.27,9:45 pm,Fri 29/05
Sligo Rovers FC,Bohemians Dublin FC,Football / Ireland / Premier Division,3.52,1.75,4.43,9:45 pm,Fri 29/05
Shamrock Rovers,Saint Patrick´s Athletic FC,Football / Ireland / Premier Division,3.08,3.18,2.27,10:00 pm,Fri 29/05
FH Hafnarfjordur,IA Akranes,Football / Iceland / Besta deild,3.76,2.26,2.7,10:15 pm,Fri 29/05
Fram Reykjavik,Breidablik Kopavogur,Football / Iceland / Besta deild,4.04,2.45,2.36,10:15 pm,Fri 29/05
Atletico Grau,CD Moquegua,Football / Peru / Primera Division,3.6,5.57,1.6,11:00 pm,Fri 29/05
Cobresal,Nublense,Football / Chile / Primera Division,3.51,2.32,2.74,1:00 am,Sat 30/05
HB Torshavn,Vikingur Gota,Football / Faroe Islands / Premier League,3.43,3.05,2.13,2:00 am,Sat 30/05
Orlando Pride Women,Bay FC Women,Football / USA / National Womens Soccer League,3.53,4.01,1.79,2:00 am,Sat 30/05
FC Supra Du Quebec,Inter Toronto FC,Football / Canada / Canadian Premier League,3.44,1.99,3.39,2:00 am,Sat 30/05
CA Racing de Cordoba,Ferro Carril Oeste,Football / Argentina / Primera Nacional,2.73,3.07,2.58,3:00 am,Sat 30/05
Gimnasia y Esgrima de Jujuy,Nueva Chicago,Football / Argentina / Primera Nacional,3.65,5.84,1.58,3:00 am,Sat 30/05
EC Juventude RS,America FC MG,Football / Brazil / Brasileiro Serie B,3.3,4.27,1.84,3:00 am,Sat 30/05
Racing Louisville FC Women,Denver Summit FC Women,Football / USA / National Womens Soccer League,3.33,2.23,2.94,3:00 am,Sat 30/05
Universidad de Concepcion,Deportes Union La Calera,Football / Chile / Primera Division,3.4,3.35,2.05,3:30 am,Sat 30/05
Sanfrecce Hiroshima,Kawasaki Frontale,Football / Japan / J.League,4.19,4.89,1.65,8:00 am,Sat 30/05
Vissel Kobe,Kashima Antlers,Football / Japan / J.League,3.25,3.2,2.33,8:00 am,Sat 30/05
Nagoya Grampus,Machida Zelvia,Football / Japan / J.League,3.25,2.65,2.7,8:00 am,Sat 30/05
Cerezo Osaka,FC Tokyo,Football / Japan / J.League,3.4,2.5,2.8,9:00 am,Sat 30/05
Avispa Fukuoka,JEF United Chiba,Football / Japan / J.League,3.29,3.84,2.06,10:00 am,Sat 30/05
Gamba Osaka,Tokyo Verdy,Football / Japan / J.League,3.45,4.7,1.83,10:00 am,Sat 30/05
Busan I Park,Paju Citizen FC,Football / Republic of Korea / K-League 2,3.62,4.64,1.67,10:30 am,Sat 30/05
Yongin City FC,Daegu FC,Football / Republic of Korea / K-League 2,3.66,1.77,3.95,10:30 am,Sat 30/05
Chungnam Asan FC,Suwon Bluewings,Football / Republic of Korea / K-League 2,3.43,1.93,3.57,10:30 am,Sat 30/05
V-Varen Nagasaki,Mito Hollyhock,Football / Japan / J.League,3.25,3.35,2.24,11:00 am,Sat 30/05
Suwon FC,Seongnam Ilhwa,Football / Republic of Korea / K-League 2,3.32,3.03,2.18,1:00 pm,Sat 30/05
Gimhae FC,Gimpo FC,Football / Republic of Korea / K-League 2,3.61,1.65,4.81,1:00 pm,Sat 30/05
Qingdao West Coast FC,Shanghai Shenhua FC,Football / China / Chinese Super League,3.57,2.78,2.44,1:00 pm,Sat 30/05
Kyoto Sanga FC,Kashiwa Reysol,Football / Japan / J.League,3.2,2.36,3.15,1:00 pm,Sat 30/05
FC Gute,Helges IF,Football / Sweden / Division 2,4.88,6.17,1.36,1:30 pm,Sat 30/05
Osterlen FF,Staffanstorp United,Football / Sweden / Division 2,3.85,3.5,1.8,2:00 pm,Sat 30/05
Henan,Zhejiang FC,Football / China / Chinese Super League,3.68,3.49,2.03,2:00 pm,Sat 30/05
FC Neptunas Klaipeda,Be1 Nfa,Football / Lithuania / 1 Lyga,3.33,2.38,2.5,2:00 pm,Sat 30/05
Taby FK,Skiljebo SK,Football / Sweden / Division 2,3.6,2.75,2.17,2:00 pm,Sat 30/05
Onsala BK,BK Astrio,Football / Sweden / Division 2,4.0,3.9,1.68,2:00 pm,Sat 30/05
IFK Ostersund,Gottne IF,Football / Sweden / Division 2,3.8,3.25,1.82,2:00 pm,Sat 30/05
Eskilsminne IF,Trelleborgs FF,"Football / Sweden / Ettan, Relegation/Promotion",3.77,1.84,3.43,2:00 pm,Sat 30/05
Ljungskile SK,Varbergs BoIS,Football / Sweden / Superettan,3.46,2.58,2.48,2:00 pm,Sat 30/05
Landskrona BoIS,IK Brage,Football / Sweden / Superettan,3.45,2.96,2.21,2:00 pm,Sat 30/05
FK Tauras Taurage,Hegelmann Litauen B,Football / Lithuania / 1 Lyga,6.46,11.75,1.14,2:00 pm,Sat 30/05
Enskede IK,Angby IF,Football / Sweden / Division 2,3.99,3.79,1.71,2:00 pm,Sat 30/05
Parnu JK Vaprus,Nomme Kalju FC,Football / Estonia / Premium Liiga,4.47,1.44,6.22,2:30 pm,Sat 30/05
Harju JK Laagri,JK Narva Trans,Football / Estonia / Premium Liiga,3.75,2.97,2.1,2:30 pm,Sat 30/05
Chengdu Rongcheng,Shandong Taishan FC,Football / China / Chinese Super League,4.03,3.45,1.95,2:35 pm,Sat 30/05
Chongqing Tonglianglong FC,Beijing Guoan,Football / China / Chinese Super League,3.44,2.05,3.69,3:00 pm,Sat 30/05
FK Transinvest B,FK Kauno Zalgiris B,Football / Lithuania / 1 Lyga,3.59,2.85,2.04,3:00 pm,Sat 30/05
IK Kongahalla,Astorps FF,Football / Sweden / Division 2,3.65,2.37,2.48,3:00 pm,Sat 30/05
Baltijos Futbolo Akademija,FK Jonava,Football / Lithuania / 1 Lyga,3.1,2.7,2.34,3:00 pm,Sat 30/05
Shenzhen Peng City,Qingdao Hainiu FC,Football / China / Chinese Super League,3.36,3.36,2.2,3:00 pm,Sat 30/05
FK Liepaja,FK Tukums 2000/TSS,Football / Latvia / Virsliga,4.18,4.76,1.58,3:00 pm,Sat 30/05
Scotland,Curacao,Football / International / Int. Friendly Games,5.69,10.29,1.29,3:00 pm,Sat 30/05
FK Atmosfera,Vilnius FK Zalgiris B,Football / Lithuania / 1 Lyga,3.87,4.31,1.59,3:00 pm,Sat 30/05
HJK Helsinki,IFK Mariehamn,Football / Finland / Veikkausliiga,6.4,11.64,1.19,3:00 pm,Sat 30/05
Sandecja Nowy Sacz,Zaglebie Sosnowiec,Football / Poland / II Liga,3.95,4.63,1.61,3:30 pm,Sat 30/05
Warta Poznan,CWKS Resovia,Football / Poland / II Liga,3.76,4.25,1.7,3:30 pm,Sat 30/05
OKS Swit Szczecin,Olimpia Grudziadz,Football / Poland / II Liga,3.61,1.83,3.75,3:30 pm,Sat 30/05
KS Hutnik Krakow SSA,ZKS Stal Stalowa Wola,Football / Poland / II Liga,3.32,2.69,2.4,3:30 pm,Sat 30/05
Podbeskidzie Bielsko-Biała,Podhale Nowy Targ,Football / Poland / II Liga,3.66,3.37,1.92,3:30 pm,Sat 30/05
KKS 1925 Kalisz,Unia Skierniewice,Football / Poland / II Liga,3.47,2.01,3.28,3:30 pm,Sat 30/05
LKS Lodz II,Sokol Kleczew,Football / Poland / II Liga,3.31,2.78,2.33,3:30 pm,Sat 30/05
MKS Chojniczanka Chojnice,Rekord Bielsko Biala,Football / Poland / II Liga,3.7,3.94,1.77,3:30 pm,Sat 30/05
GIF Sundsvall,Sandvikens IF,Football / Sweden / Superettan,3.35,2.34,2.82,4:00 pm,Sat 30/05
Aalborg BK,HB Koege,Football / Denmark / 1. Division,3.74,2.72,2.25,4:00 pm,Sat 30/05
B93 Copenhagen,Aarhus Fremad,Football / Denmark / 1. Division,3.89,1.88,3.45,4:00 pm,Sat 30/05
AIK,IK Sirius,Football / Sweden / Allsvenskan,3.76,2.19,3.06,4:00 pm,Sat 30/05
GAIS,Kalmar FF,Football / Sweden / Allsvenskan,3.67,4.25,1.84,4:00 pm,Sat 30/05
Hobro IK,Middelfart BK,Football / Denmark / 1. Division,4.85,6.99,1.37,4:00 pm,Sat 30/05
Malmo FF,Halmstads BK,Football / Sweden / Allsvenskan,4.44,6.14,1.51,4:00 pm,Sat 30/05
Falkenbergs FF,IK Oddevold,Football / Sweden / Superettan,3.41,2.92,2.25,4:00 pm,Sat 30/05
Skellefteaa FF,Taftea IK,Football / Sweden / Division 2,3.9,3.9,1.65,4:00 pm,Sat 30/05
IFK Trelleborg,Oskarshamns AIK,Football / Sweden / Division 2,3.65,2.55,2.31,4:00 pm,Sat 30/05
Odds BK,Lyn 1896 FK,Football / Norway / 1st Division,3.99,4.19,1.69,5:00 pm,Sat 30/05
FK Auda Riga,Ogre United,Football / Latvia / Virsliga,5.05,7.97,1.32,5:00 pm,Sat 30/05
Ariana FC,Laholms FK,"Football / Sweden / Ettan, Relegation/Promotion",4.3,5.35,1.47,5:00 pm,Sat 30/05
Moss FK,Stabaek IF,Football / Norway / 1st Division,3.89,2.13,2.82,5:00 pm,Sat 30/05
FC Trollhattan,Aatvidabergs FF,"Football / Sweden / Ettan, Relegation/Promotion",3.47,2.71,2.26,5:00 pm,Sat 30/05
IFK Kumla,Herrestads AIF,Football / Sweden / Division 2,3.69,2.22,2.65,5:00 pm,Sat 30/05
Hammarby Talang FF,AFC Eskilstuna,"Football / Sweden / Ettan, Relegation/Promotion",4.39,4.77,1.51,5:00 pm,Sat 30/05
FC Lahti,Tampereen Ilves,Football / Finland / Veikkausliiga,3.25,2.67,2.52,5:00 pm,Sat 30/05
Turun Palloseura,Vaasan Palloseura,Football / Finland / Veikkausliiga,3.36,2.37,2.77,5:00 pm,Sat 30/05
IF Gnistan,Seinajoen JK,Football / Finland / Veikkausliiga,3.48,2.4,2.66,5:00 pm,Sat 30/05
Molde FK,Sandefjord Fotball,Football / Norway / Eliteserien,4.33,4.79,1.61,5:00 pm,Sat 30/05
Tartu JK Tammeka,FCI Levadia Tallinn,Football / Estonia / Premium Liiga,6.21,1.21,10.67,5:00 pm,Sat 30/05
IF Karlstad Fotbol,Sollentuna FK,"Football / Sweden / Ettan, Relegation/Promotion",3.92,4.59,1.6,5:00 pm,Sat 30/05
Hassleholms IF,Utsiktens BK,"Football / Sweden / Ettan, Relegation/Promotion",4.3,5.35,1.47,5:00 pm,Sat 30/05
Bollstanas SK,Sunnersta AIF,Football / Sweden / Division 2,3.8,2.6,2.21,5:00 pm,Sat 30/05
Kuopion Palloseura,FC Inter Turku,Football / Finland / Veikkausliiga,3.16,2.77,2.48,5:00 pm,Sat 30/05
Tvaakers IF,Kristianstad FC,"Football / Sweden / Ettan, Relegation/Promotion",3.45,2.97,2.12,5:00 pm,Sat 30/05
AD Ceuta,Albacete Balompie,Football / Spain / LaLiga 2,3.62,2.71,2.47,5:15 pm,Sat 30/05
Osters IF,Norrby IF,Football / Sweden / Superettan,3.74,3.25,1.98,6:00 pm,Sat 30/05
Asociacion Deportiva Tarma,Cusco FC,Football / Peru / Primera Division,3.25,3.3,2.13,7:00 pm,Sat 30/05
Paris Saint-Germain,Arsenal FC,Football / International / UEFA Champions League,3.32,3.18,3.25,7:00 pm,Sat 30/05
Kansas City NWSL Women,Boston Legacy FC Women,Football / USA / National Womens Soccer League,3.87,4.64,1.62,8:30 pm,Sat 30/05
AB Argir,NSI Runavik,Football / Faroe Islands / Premier League,4.82,1.37,6.56,9:00 pm,Sat 30/05
KI Klaksvik,Eb/Streymur,Football / Faroe Islands / Premier League,8.83,18.24,1.08,9:00 pm,Sat 30/05
Gimnasia y Esgrima de Jujuy,CA Belgrano de Cordoba,Football / Argentina / Copa Argentina,3.11,1.97,3.98,9:00 pm,Sat 30/05
CA Colegiales,Agropecuario Argentino,Football / Argentina / Primera Nacional,2.82,3.65,2.22,9:00 pm,Sat 30/05
Tofta Itrottarfelag B68,B36 Torshavn,Football / Faroe Islands / Premier League,4.63,1.38,6.75,9:00 pm,Sat 30/05
CA Defensores de Belgrano,CA San Telmo,Football / Argentina / Primera Nacional,2.92,4.09,2.03,9:30 pm,Sat 30/05
CA Estudiantes,CD Godoy Cruz,Football / Argentina / Primera Nacional,2.68,2.78,2.88,9:30 pm,Sat 30/05
CA All Boys,Club Atletico Los Andes,Football / Argentina / Primera Nacional,2.72,3.79,2.23,9:30 pm,Sat 30/05
Club Almirante Brown,Colon de Santa Fe,Football / Argentina / Primera Nacional,2.62,2.91,2.82,9:30 pm,Sat 30/05
Avai FC SC,Criciuma EC SC,Football / Brazil / Brasileiro Serie B,3.02,3.21,2.29,10:00 pm,Sat 30/05
Granada CF,Sporting Gijon,Football / Spain / LaLiga 2,3.45,2.87,2.42,10:00 pm,Sat 30/05
HFX Wanderers FC,Vancouver FC,Football / Canada / Canadian Premier League,3.23,3.13,2.17,10:00 pm,Sat 30/05
Deportes La Serena,Colo-Colo,Football / Chile / Primera Division,3.3,1.9,3.98,10:00 pm,Sat 30/05
Manta FC,Libertad Loja,Football / Ecuador / LigaPro Primera A,3.26,3.41,2.08,10:00 pm,Sat 30/05
CR Flamengo RJ,Coritiba FC PR,Football / Brazil / Brasileiro Serie A,5.17,8.54,6.86,10:00 pm,Sat 30/05
CA Paranaense PR,Mirassol FC SP,Football / Brazil / Brasileiro Serie A,3.39,4.13,1.95,10:00 pm,Sat 30/05
Deportivo Garcilaso,Juan Pablo II College,Football / Peru / Primera Division,4.1,5.46,1.53,11:00 pm,Sat 30/05
Portland Thorns FC Women,Utah Royals FC Women,Football / USA / National Womens Soccer League,3.08,2.79,2.46,11:00 pm,Sat 30/05
Deportivo Madryn,CA Acassuso,Football / Argentina / Primera Nacional,3.63,6.59,1.53,11:00 pm,Sat 30/05
EC Bahia BA,Botafogo FR RJ,Football / Brazil / Brasileiro Serie A,3.5,3.77,2.0,11:30 pm,Sat 30/05
Gremio FB Porto Alegrense RS,SC Corinthians SP,Football / Brazil / Brasileiro Serie A,3.22,3.13,2.38,11:30 pm,Sat 30/05
Instituto AC Cordoba,CA Lanus,Football / Argentina / Copa Argentina,3.06,2.86,2.48,12:00 am,Sun 31/05
Athletic Club Sjdr MG,Fortaleza EC CE,Football / Brazil / Brasileiro Serie B,3.12,2.23,3.22,12:00 am,Sun 31/05
LDU Quito,Orense SC,Football / Ecuador / LigaPro Primera A,4.0,5.66,1.53,12:30 am,Sun 31/05
Universidad de Chile,Deportes Concepcion,Football / Chile / Primera Division,3.98,6.22,1.5,12:30 am,Sun 31/05
Pacific FC,Atletico Ottawa,Football / Canada / Canadian Premier League,3.76,1.73,4.05,1:00 am,Sun 31/05
Charleston Battery,Detroit City FC,Football / USA / USL Championship,3.39,3.78,1.92,1:00 am,Sun 31/05
Sport Boys Association,Comerciantes Unidos,Football / Peru / Primera Division,3.64,5.43,1.61,1:30 am,Sun 31/05
Washington Spirit Women,Seattle Reign FC Women,Football / USA / National Womens Soccer League,3.94,5.95,1.5,1:30 am,Sun 31/05
Louisville City FC,Tampa Bay Rowdies,Football / USA / USL Championship,3.55,3.59,1.92,2:00 am,Sun 31/05
Indy Eleven,Rhode Island FC,Football / USA / USL Championship,3.27,2.58,2.58,2:00 am,Sun 31/05
Pittsburgh Riverhounds,Miami FC,Football / USA / USL Championship,3.8,4.48,1.68,2:00 am,Sun 31/05
Hartford Athletic,New Mexico United,Football / USA / USL Championship,3.6,3.89,1.84,2:00 am,Sun 31/05
SC Recife PE,Nautico PE,Football / Brazil / Brasileiro Serie B,3.02,3.16,2.31,2:30 am,Sun 31/05
Santos FC SP,EC Vitoria BA,Football / Brazil / Brasileiro Serie A,3.57,4.56,1.82,3:00 am,Sun 31/05
CD Cuenca,Delfin SC,Football / Ecuador / LigaPro Primera A,3.06,4.08,1.97,3:00 am,Sun 31/05
Deportivo Toluca FC,Tigres UANL,Football / International / CONCACAF Champions League,3.41,3.36,2.05,3:00 am,Sun 31/05
Oakland Roots SC,Colorado Springs Switchbacks FC,Football / USA / USL Championship,3.45,2.53,2.53,3:00 am,Sun 31/05
Universitario de Deportes,Sport Huancayo,Football / Peru / Primera Division,5.26,8.96,1.29,4:00 am,Sun 31/05
El Paso Locomotive FC,Lexington SC,Football / USA / USL Championship,3.31,2.77,2.4,4:00 am,Sun 31/05
Monterey Bay FC,Loudoun United FC,Football / USA / USL Championship,3.46,2.58,2.48,5:00 am,Sun 31/05
Phoenix Rising FC,Sacramento Republic FC,Football / USA / USL Championship,3.16,2.48,2.77,5:30 am,Sun 31/05
Las Vegas Lights,FC Tulsa,Football / USA / USL Championship,3.42,2.49,2.59,5:30 am,Sun 31/05
Racing Club Avellaneda,Defensa y Justicia,Football / Argentina / Copa Argentina,3.27,4.1,1.88,6:00 am,Sun 31/05
Jeonnam Dragons,Seoul E-Land FC,Football / Republic of Korea / K-League 2,3.38,2.06,3.24,10:30 am,Sun 31/05
Hwaseong FC,Gyeongnam FC,Football / Republic of Korea / K-League 2,3.13,3.42,2.09,10:30 am,Sun 31/05
Ansan Greeners FC,Cheonan City FC,Football / Republic of Korea / K-League 2,3.28,2.01,3.47,1:00 pm,Sun 31/05
Tianjin Jinmen Tiger,Dalian Yingbo FC,Football / China / Chinese Super League,3.15,2.38,3.2,2:00 pm,Sun 31/05
Wuhan Three Towns FC,Yunnan Yukun,Football / China / Chinese Super League,3.62,2.56,2.61,2:35 pm,Sun 31/05
Vasteraas SK,IFK Goteborg,Football / Sweden / Allsvenskan,3.49,2.74,2.51,3:00 pm,Sun 31/05
BK Hacken,Hammarby IF,Football / Sweden / Allsvenskan,3.7,2.23,3.02,3:00 pm,Sun 31/05
Degerfors IF,IF Brommapojkarna,Football / Sweden / Allsvenskan,3.32,3.05,2.38,3:00 pm,Sun 31/05
Hillerod Fodbold,Hvidovre IF,Football / Denmark / 1. Division,3.61,2.49,2.49,4:00 pm,Sun 31/05
Esbjerg FB,Lyngby BK,Football / Denmark / 1. Division,3.75,2.24,2.73,4:00 pm,Sun 31/05
AC Horsens,Kolding IF,Football / Denmark / 1. Division,3.49,4.07,1.82,4:00 pm,Sun 31/05
IFK Varnamo,Nordic United FC,Football / Sweden / Superettan,3.6,3.21,2.04,4:00 pm,Sun 31/05
AC Oulu,FF Jaro,Football / Finland / Veikkausliiga,3.99,5.25,1.57,4:00 pm,Sun 31/05
Londrina EC PR,Vila Nova FC GO,Football / Brazil / Brasileiro Serie B,3.06,3.16,2.29,5:00 pm,Sun 31/05
Paide Linnameeskond,FC Kuressaare,Football / Estonia / Premium Liiga,5.05,7.38,1.34,5:00 pm,Sun 31/05
Red Bull Bragantino SP,SC Internacional RS,Football / Brazil / Brasileiro Serie A,3.3,3.55,2.15,5:00 pm,Sun 31/05
Sao Bernardo FC,Gremio Novorizontino SP,Football / Brazil / Brasileiro Serie B,2.91,2.77,2.67,5:00 pm,Sun 31/05
Raufoss IL,FK Haugesund,Football / Norway / 1st Division,3.74,1.84,3.74,6:00 pm,Sun 31/05
Helsingborgs IF,IFK Norrkoping FK,Football / Sweden / Superettan,3.54,2.04,3.25,6:00 pm,Sun 31/05
Ostersunds FK,Orebro SK,Football / Sweden / Superettan,3.41,3.12,2.14,6:00 pm,Sun 31/05
Egersunds IK,Stroemsgodset IF,Football / Norway / 1st Division,3.84,2.15,2.82,6:00 pm,Sun 31/05
Stroemmen IF,Sogndal Fotball,Football / Norway / 1st Division,3.73,2.22,2.76,6:00 pm,Sun 31/05
Ranheim,Sandnes Ulf,Football / Norway / 1st Division,3.83,3.44,1.89,6:00 pm,Sun 31/05
Kongsvinger IL Toppfotball,Aasane Fotball,Football / Norway / 1st Division,6.03,8.56,1.25,6:00 pm,Sun 31/05
Bryne FK,Hoedd IL,Football / Norway / 1st Division,3.56,4.0,1.82,6:00 pm,Sun 31/05
Mikkelin Palloilijat,Ekenas Idrottsforening,Football / Finland / Ykkosliiga,3.55,2.62,2.4,6:30 pm,Sun 31/05
FBC Melgar,Alianza Atletico,Football / Peru / Primera Division,3.74,5.64,1.57,7:00 pm,Sun 31/05
CA Atlanta,Gimnasia Y Tiro de Salta,Football / Argentina / Primera Nacional,3.06,5.25,1.78,7:00 pm,Sun 31/05
CD Castellon,SD Eibar,Football / Spain / LaLiga 2,4.41,5.25,1.58,7:30 pm,Sun 31/05
RC Deportivo De La Coruna,UD Las Palmas,Football / Spain / LaLiga 2,3.34,2.65,2.68,7:30 pm,Sun 31/05
UD Almeria,Real Valladolid,Football / Spain / LaLiga 2,4.85,6.46,1.45,7:30 pm,Sun 31/05
Real Sociedad San Sebastian B,Cultural Leonesa,Football / Spain / LaLiga 2,3.53,3.0,2.31,7:30 pm,Sun 31/05
Racing Santander,Cadiz CF,Football / Spain / LaLiga 2,5.46,7.73,1.36,7:30 pm,Sun 31/05
Deportes Limache,Coquimbo Unido,Football / Chile / Primera Division,3.36,2.58,2.53,7:30 pm,Sun 31/05
Real Zaragoza,Malaga CF,Football / Spain / LaLiga 2,3.81,1.86,4.02,7:30 pm,Sun 31/05
Burgos CF,FC Andorra,Football / Spain / LaLiga 2,4.19,6.04,1.55,7:30 pm,Sun 31/05
CD Leganes,CD Mirandes,Football / Spain / LaLiga 2,3.57,3.48,2.07,7:30 pm,Sun 31/05
Cordoba CF,SD Huesca,Football / Spain / LaLiga 2,4.23,5.11,1.62,7:30 pm,Sun 31/05
IBV Vestmannaeyjar,Keflavik IF,Football / Iceland / Besta deild,3.64,2.09,3.06,8:00 pm,Sun 31/05
Chicago Stars FC Women,San Diego Wave FC Women,Football / USA / National Womens Soccer League,4.43,1.4,6.74,8:00 pm,Sun 31/05
FC Farul Constanta,AFC Chindia Targoviste,Football / Romania / Liga I,4.27,7.18,1.42,8:30 pm,Sun 31/05
Sporting Jax,Brooklyn FC,Football / USA / USL Championship,3.41,2.82,2.32,9:00 pm,Sun 31/05
Mushuc Runa SC,SD Aucas,Football / Ecuador / LigaPro Primera A,3.27,2.78,2.42,9:00 pm,Sun 31/05
FC Cajamarca,Alianza Lima,Football / Peru / Primera Division,3.49,1.72,4.75,9:15 pm,Sun 31/05
Club Almagro,CA Guemes,Football / Argentina / Primera Nacional,2.78,3.07,2.53,9:30 pm,Sun 31/05
Germany,Finland,Football / International / Int. Friendly Games,8.89,14.71,1.15,9:45 pm,Sun 31/05
CA Patronato Parana,CSD Tristan Suarez,Football / Argentina / Primera Nacional,2.72,3.74,2.25,10:00 pm,Sun 31/05
Gotham FC Women,Houston Dash Women,Football / USA / National Womens Soccer League,4.82,8.3,1.31,10:00 pm,Sun 31/05
CR Vasco da Gama RJ,Atletico Mineiro MG,Football / Brazil / Brasileiro Serie A,3.31,3.71,2.09,10:00 pm,Sun 31/05
Huachipato,CD Universidad Catolica,Football / Chile / Primera Division,3.46,2.05,3.31,10:00 pm,Sun 31/05
AC Goianiense GO,Goias EC GO,Football / Brazil / Brasileiro Serie B,2.93,3.17,2.36,10:00 pm,Sun 31/05
Ceara SC CE,Operario Ferroviario EC PR,Football / Brazil / Brasileiro Serie B,3.16,4.18,1.91,10:00 pm,Sun 31/05
CA Central Norte Salta,CA Chaco For Ever,Football / Argentina / Primera Nacional,2.77,3.69,2.23,10:00 pm,Sun 31/05
CA Temperley,San Martin de San Juan,Football / Argentina / Primera Nacional,2.73,3.12,2.54,10:00 pm,Sun 31/05
Club Ciudad de Bolivar,CA San Miguel,Football / Argentina / Primera Nacional,2.67,3.83,2.25,10:00 pm,Sun 31/05
Mitre Santiago del Estero,Deportivo Moron,Football / Argentina / Primera Nacional,2.63,3.07,2.68,10:00 pm,Sun 31/05
SE Palmeiras SP,Chapecoense SC,Football / Brazil / Brasileiro Serie A,6.4,13.07,9.74,10:00 pm,Sun 31/05
USA,Senegal,Football / International / Int. Friendly Games,3.83,2.59,2.48,10:30 pm,Sun 31/05
CA Ferrocarril Midland,San Martin de Tucuman,Football / Argentina / Primera Nacional,2.72,3.6,2.3,10:30 pm,Sun 31/05
CD Maipu,Chacarita Juniors,Football / Argentina / Primera Nacional,2.83,3.7,2.19,11:00 pm,Sun 31/05
Forge FC Hamilton,Cavalry FC,Football / Canada / Canadian Premier League,3.19,3.04,2.23,11:00 pm,Sun 31/05
Quilmes AC,Atletico de Rafaela,Football / Argentina / Primera Nacional,2.77,3.83,2.18,11:00 pm,Sun 31/05
Los Chankas CYC,UTC de Cajamarca,Football / Peru / Primera Division,3.65,4.57,1.7,11:15 pm,Sun 31/05
Guayaquil City FC,CSD Independiente del Valle,Football / Ecuador / LigaPro Primera A,3.75,1.61,5.25,11:30 pm,Sun 31/05
CD O´Higgins,CD Everton Vina del Mar,Football / Chile / Primera Division,3.41,3.75,1.92,12:30 am,Mon 01/06
Brazil,Panama,Football / International / Int. Friendly Games,6.92,16.17,1.19,12:30 am,Mon 01/06
Cienciano,Sporting Cristal,Football / Peru / Primera Division,3.51,3.75,1.89,1:00 am,Mon 01/06
Angel City FC Women,North Carolina Courage Women,Football / USA / National Womens Soccer League,3.09,2.34,2.95,2:00 am,Mon 01/06
CS Emelec,CD Universidad Catolica del Ecuador,Football / Ecuador / LigaPro Primera A,3.25,2.47,2.72,2:10 am,Mon 01/06
Clube do Remo PA,Sao Paulo FC SP,Football / Brazil / Brasileiro Serie A,3.27,2.41,3.03,2:30 am,Mon 01/06
Cuiaba EC MT,CR Brasil AL,Football / Brazil / Brasileiro Serie B,2.95,2.85,2.56,2:30 am,Mon 01/06
Cruzeiro EC MG,Fluminense FC RJ,Football / Brazil / Brasileiro Serie A,3.39,3.62,2.09,2:30 am,Mon 01/06
CD Palestino,Audax Italiano,Football / Chile / Primera Division,3.51,3.65,1.92,3:00 am,Mon 01/06
SC FC Voluntari,AFC Hermannstadt,Football / Romania / Liga I,3.12,2.68,2.58,8:30 pm,Mon 01/06
Leones Futbol Club,CSD Macara,Football / Ecuador / LigaPro Primera A,2.96,2.3,3.25,1:00 am,Tue 02/06
AA Ponte Preta SP,Botafogo FC SP,Football / Brazil / Brasileiro Serie B,2.87,2.97,2.53,1:00 am,Tue 02/06
CD Tecnico Universitario,Barcelona SC,Football / Ecuador / LigaPro Primera A,3.02,2.33,3.12,3:30 am,Tue 02/06
CD Junior FC,Atletico Nacional Medellin,"Football / Colombia / Primera A, Apertura",3.39,2.9,2.27,3:30 am,Wed 03/06
Real Potosi,San Antonio Bulo Bulo,Football / Bolivia / Division Profesional,3.9,4.2,1.68,10:00 pm,Sun 07/06
Mexico,South Africa,Football / International / FIFA World Cup,4.34,6.82,1.51,10:00 pm,Thu 11/06
Korea Republic,Czechia,Football / International / FIFA World Cup,3.22,2.74,2.75,5:00 am,Fri 12/06
Shelbourne FC,Shamrock Rovers,Football / Ireland / Premier Division,3.25,2.47,2.72,9:45 pm,Fri 12/06
Waterford FC,Sligo Rovers FC,Football / Ireland / Premier Division,3.3,2.96,2.28,9:45 pm,Fri 12/06
Saint Patrick´s Athletic FC,Drogheda United FC,Football / Ireland / Premier Division,4.57,7.58,1.37,9:45 pm,Fri 12/06
Galway United FC,Dundalk FC,Football / Ireland / Premier Division,3.36,2.48,2.63,9:45 pm,Fri 12/06
Derry City FC,Bohemians Dublin FC,Football / Ireland / Premier Division,3.26,2.32,2.92,9:45 pm,Fri 12/06
Canada,Bosnia and Herzegovina,Football / International / FIFA World Cup,3.68,4.44,1.84,10:00 pm,Fri 12/06
USA,Paraguay,Football / International / FIFA World Cup,3.53,3.76,2.04,4:00 am,Sat 13/06
Qatar,Switzerland,Football / International / FIFA World Cup,5.67,1.31,9.77,10:00 pm,Sat 13/06
Brazil,Morocco,Football / International / FIFA World Cup,4.1,5.53,1.62,1:00 am,Sun 14/06
Haiti,Scotland,Football / International / FIFA World Cup,4.89,1.42,7.52,4:00 am,Sun 14/06
Australia,Turkiye,Football / International / FIFA World Cup,3.69,1.86,4.34,7:00 am,Sun 14/06
Germany,Curacao,Football / International / FIFA World Cup,21.44,50.56,1.03,8:00 pm,Sun 14/06
Netherlands,Japan,Football / International / FIFA World Cup,3.65,3.56,2.06,11:00 pm,Sun 14/06
Ivory Coast,Ecuador,Football / International / FIFA World Cup,3.12,2.41,3.28,2:00 am,Mon 15/06
Sweden,Tunisia,Football / International / FIFA World Cup,3.4,4.08,2.0,5:00 am,Mon 15/06
Spain,Cape Verde,Football / International / FIFA World Cup,11.3,29.74,1.09,7:00 pm,Mon 15/06
Belgium,Egypt,Football / International / FIFA World Cup,4.01,5.0,1.69,10:00 pm,Mon 15/06
Saudi Arabia,Uruguay,Football / International / FIFA World Cup,4.39,1.52,6.52,1:00 am,Tue 16/06
IR Iran,New Zealand,Football / International / FIFA World Cup,3.56,4.3,1.9,4:00 am,Tue 16/06
France,Senegal,Football / International / FIFA World Cup,4.62,6.96,1.47,10:00 pm,Tue 16/06
Iraq,Norway,Football / International / FIFA World Cup,6.36,1.25,11.97,1:00 am,Wed 17/06
Argentina,Algeria,Football / International / FIFA World Cup,4.71,7.96,1.42,4:00 am,Wed 17/06
Austria,Jordan,Football / International / FIFA World Cup,5.46,8.49,1.35,7:00 am,Wed 17/06
Portugal,Congo DR,Football / International / FIFA World Cup,6.1,10.59,1.28,8:00 pm,Wed 17/06
England,Croatia,Football / International / FIFA World Cup,3.78,4.75,1.77,11:00 pm,Wed 17/06
Ghana,Panama,Football / International / FIFA World Cup,3.59,3.81,2.0,2:00 am,Thu 18/06
Uzbekistan,Colombia,Football / International / FIFA World Cup,4.79,1.43,7.55,5:00 am,Thu 18/06
Czechia,South Africa,Football / International / FIFA World Cup,3.31,4.05,2.04,7:00 pm,Thu 18/06
Switzerland,Bosnia and Herzegovina,Football / International / FIFA World Cup,4.21,6.27,1.55,10:00 pm,Thu 18/06
Canada,Qatar,Football / International / FIFA World Cup,4.26,6.98,1.51,1:00 am,Fri 19/06
Mexico,Korea Republic,Football / International / FIFA World Cup,3.5,4.67,1.85,4:00 am,Fri 19/06
USA,Australia,Football / International / FIFA World Cup,3.76,4.83,1.76,10:00 pm,Fri 19/06
Scotland,Morocco,Football / International / FIFA World Cup,3.31,2.15,3.66,1:00 am,Sat 20/06
Brazil,Haiti,Football / International / FIFA World Cup,13.83,38.05,1.06,3:30 am,Sat 20/06
Turkiye,Paraguay,Football / International / FIFA World Cup,3.24,3.48,2.25,6:00 am,Sat 20/06
Netherlands,Sweden,Football / International / FIFA World Cup,4.01,5.1,1.68,8:00 pm,Sat 20/06
Germany,Ivory Coast,Football / International / FIFA World Cup,4.26,5.55,1.6,11:00 pm,Sat 20/06
Ecuador,Curacao,Football / International / FIFA World Cup,5.86,11.9,1.27,3:00 am,Sun 21/06
Tunisia,Japan,Football / International / FIFA World Cup,3.37,1.94,4.41,7:00 am,Sun 21/06
Spain,Saudi Arabia,Football / International / FIFA World Cup,9.54,25.61,1.12,7:00 pm,Sun 21/06
Belgium,IR Iran,Football / International / FIFA World Cup,4.61,7.48,1.45,10:00 pm,Sun 21/06
Uruguay,Cape Verde,Football / International / FIFA World Cup,4.52,7.03,1.48,1:00 am,Mon 22/06
New Zealand,Egypt,Football / International / FIFA World Cup,3.71,1.72,5.29,4:00 am,Mon 22/06
Argentina,Austria,Football / International / FIFA World Cup,3.8,5.27,1.7,8:00 pm,Mon 22/06
France,Iraq,Football / International / FIFA World Cup,8.9,24.29,1.13,12:00 am,Tue 23/06
Norway,Senegal,Football / International / FIFA World Cup,3.52,3.65,2.07,3:00 am,Tue 23/06
Jordan,Algeria,Football / International / FIFA World Cup,3.78,1.73,5.05,6:00 am,Tue 23/06
Portugal,Uzbekistan,Football / International / FIFA World Cup,6.58,12.44,1.24,8:00 pm,Tue 23/06
England,Ghana,Football / International / FIFA World Cup,5.31,9.34,1.34,11:00 pm,Tue 23/06
Panama,Croatia,Football / International / FIFA World Cup,4.22,1.52,6.81,2:00 am,Wed 24/06
Colombia,Congo DR,Football / International / FIFA World Cup,4.13,7.12,1.52,5:00 am,Wed 24/06
